,index_character,name,poster,hero,url,group
0,1,Человек-паук: Через вселенные,https://static.wikia.nocookie.net/intothespiderverse/images/2/22/Gwen-universe-with-talent_ver_1.png/revision/latest/scale-to-width-down/500?cb=20230527223604,Aaron Davis (Earth-1610),https://static.wikia.nocookie.net/intothespiderverse/images/2/2a/Aaron_Davis_%28E-1610%29_001.png/revision/latest/scale-to-width-down/350?cb=20210612141105,Мультфильмы
1,2,Человек-паук: Через вселенные,https://static.wikia.nocookie.net/intothespiderverse/images/2/22/Gwen-universe-with-talent_ver_1.png/revision/latest/scale-to-width-down/500?cb=20230527223604,Aaron Davis (Earth-199999),https://static.wikia.nocookie.net/intothespiderverse/images/7/7e/Prowleraarondavis.jpg/revision/latest/scale-to-width-down/350?cb=20230917194744,Мультфильмы
2,3,Человек-паук: Через вселенные,https://static.wikia.nocookie.net/intothespiderverse/images/2/22/Gwen-universe-with-talent_ver_1.png/revision/latest/scale-to-width-down/500?cb=20230527223604,Aaron Davis (Earth-42),https://static.wikia.nocookie.net/intothespiderverse/images/3/38/Aaron42davis.jpg/revision/latest/scale-to-width-down/350?cb=20230917195029,Мультфильмы
3,4,Человек-паук: Через вселенные,https://static.wikia.nocookie.net/intothespiderverse/images/2/22/Gwen-universe-with-talent_ver_1.png/revision/latest/scale-to-width-down/500?cb=20230527223604,Abner Jenkins (Earth-1610),https://static.wikia.nocookie.net/intothespiderverse/images/4/41/Beetle_%28Earth-1610%29.png/revision/latest/scale-to-width-down/350?cb=20230721131524,Мультфильмы
4,5,Человек-паук: Через вселенные,https://static.wikia.nocookie.net/intothespiderverse/images/2/22/Gwen-universe-with-talent_ver_1.png/revision/latest/scale-to-width-down/500?cb=20230527223604,Adrian Toomes (Earth-42),,Мультфильмы
5,6,Человек-паук: Через вселенные,https://static.wikia.nocookie.net/intothespiderverse/images/2/22/Gwen-universe-with-talent_ver_1.png/revision/latest/scale-to-width-down/500?cb=20230527223604,Adrian Toomes (Earth-65),https://static.wikia.nocookie.net/intothespiderverse/images/0/0b/Vulture_%28Earth-65%29.png/revision/latest/scale-to-width-down/350?cb=20230807163656,Мультфильмы
6,7,Человек-паук: Через вселенные,https://static.wikia.nocookie.net/intothespiderverse/images/2/22/Gwen-universe-with-talent_ver_1.png/revision/latest/scale-to-width-down/500?cb=20230527223604,Adriano Tumino,https://static.wikia.nocookie.net/intothespiderverse/images/e/e0/Screenshot_2023-05-14_1.41.13_PM.png/revision/latest?cb=20230514184144,Мультфильмы
7,8,Человек-паук: Через вселенные,https://static.wikia.nocookie.net/intothespiderverse/images/2/22/Gwen-universe-with-talent_ver_1.png/revision/latest/scale-to-width-down/500?cb=20230527223604,Aleksei Sytsevich (Earth-42),,Мультфильмы
8,9,Человек-паук: Через вселенные,https://static.wikia.nocookie.net/intothespiderverse/images/2/22/Gwen-universe-with-talent_ver_1.png/revision/latest/scale-to-width-down/500?cb=20230527223604,Aleksei Sytsevich (Earth-616),https://static.wikia.nocookie.net/intothespiderverse/images/4/4c/Earth-616B_Storyboard.png/revision/latest/scale-to-width-down/350?cb=20230918115742,Мультфильмы
9,10,Человек-паук: Через вселенные,https://static.wikia.nocookie.net/intothespiderverse/images/2/22/Gwen-universe-with-talent_ver_1.png/revision/latest/scale-to-width-down/500?cb=20230527223604,Aleksei Sytsevich (Earth-Unknown),https://static.wikia.nocookie.net/intothespiderverse/images/7/7b/Rhino_%28Earth-Unknown%29.png/revision/latest/scale-to-width-down/350?cb=20230721164359,Мультфильмы
10,11,Человек-паук: Через вселенные,https://static.wikia.nocookie.net/intothespiderverse/images/2/22/Gwen-universe-with-talent_ver_1.png/revision/latest/scale-to-width-down/500?cb=20230527223604,Aleksei Sytsevich 2 (Earth-Unknown),https://static.wikia.nocookie.net/intothespiderverse/images/b/b1/Aleksei_Sytsevich_2_%28Earth-Unknown%29.webp/revision/latest/scale-to-width-down/328?cb=20230826212922,Мультфильмы
11,12,Человек-паук: Через вселенные,https://static.wikia.nocookie.net/intothespiderverse/images/2/22/Gwen-universe-with-talent_ver_1.png/revision/latest/scale-to-width-down/500?cb=20230527223604,Anna Watson,,Мультфильмы
12,13,Человек-паук: Через вселенные,https://static.wikia.nocookie.net/intothespiderverse/images/2/22/Gwen-universe-with-talent_ver_1.png/revision/latest/scale-to-width-down/500?cb=20230527223604,Anna-May Parker (Earth-18119),https://static.wikia.nocookie.net/intothespiderverse/images/0/06/Spiderling.jpg/revision/latest/scale-to-width-down/279?cb=20230812194616,Мультфильмы
13,14,Человек-паук: Через вселенные,https://static.wikia.nocookie.net/intothespiderverse/images/2/22/Gwen-universe-with-talent_ver_1.png/revision/latest/scale-to-width-down/500?cb=20230527223604,Annihilape,https://static.wikia.nocookie.net/intothespiderverse/images/7/7e/Annihilape_%28E-8311%29_001.png/revision/latest/scale-to-width-down/350?cb=20210717002910,Мультфильмы
14,15,Человек-паук: Через вселенные,https://static.wikia.nocookie.net/intothespiderverse/images/2/22/Gwen-universe-with-talent_ver_1.png/revision/latest/scale-to-width-down/500?cb=20230527223604,Antoine Delsoine,https://static.wikia.nocookie.net/intothespiderverse/images/d/d9/Antoine_Delsoin_%28Earth-Unknown%29.webp/revision/latest?cb=20230826213147,Мультфильмы
15,16,Человек-паук: Через вселенные,https://static.wikia.nocookie.net/intothespiderverse/images/2/22/Gwen-universe-with-talent_ver_1.png/revision/latest/scale-to-width-down/500?cb=20230527223604,Antonio Rodriguez (Earth-1610),https://static.wikia.nocookie.net/intothespiderverse/images/3/3b/Armadillo_%28Earth-1610%29.png/revision/latest/scale-to-width-down/350?cb=20230721120406,Мультфильмы
16,17,Человек-паук: Через вселенные,https://static.wikia.nocookie.net/intothespiderverse/images/2/22/Gwen-universe-with-talent_ver_1.png/revision/latest/scale-to-width-down/500?cb=20230527223604,Anya Corazon,https://static.wikia.nocookie.net/intothespiderverse/images/6/65/Spider_Girl.jpg/revision/latest/scale-to-width-down/350?cb=20230812183427,Мультфильмы
17,18,Человек-паук: Через вселенные,https://static.wikia.nocookie.net/intothespiderverse/images/2/22/Gwen-universe-with-talent_ver_1.png/revision/latest/scale-to-width-down/500?cb=20230527223604,Archibald Dyker,https://static.wikia.nocookie.net/intothespiderverse/images/8/8e/Archibald_Dyker_%28Earth-Unknown%29.webp/revision/latest?cb=20230826212631,Мультфильмы
18,19,Человек-паук: Через вселенные,https://static.wikia.nocookie.net/intothespiderverse/images/2/22/Gwen-universe-with-talent_ver_1.png/revision/latest/scale-to-width-down/500?cb=20230527223604,Archibald Dyker (Earth-138),https://static.wikia.nocookie.net/intothespiderverse/images/b/bc/Archibald_Dyker_%28Earth-138B%29.webp/revision/latest?cb=20230831015430,Мультфильмы
19,20,Человек-паук: Через вселенные,https://static.wikia.nocookie.net/intothespiderverse/images/2/22/Gwen-universe-with-talent_ver_1.png/revision/latest/scale-to-width-down/500?cb=20230527223604,Atari Norman Osborn,https://static.wikia.nocookie.net/intothespiderverse/images/c/cc/AtariGoblin.png/revision/latest/scale-to-width-down/350?cb=20230716223844,Мультфильмы
20,21,Человек-паук: Через вселенные,https://static.wikia.nocookie.net/intothespiderverse/images/2/22/Gwen-universe-with-talent_ver_1.png/revision/latest/scale-to-width-down/500?cb=20230527223604,Baked Clamurai,https://static.wikia.nocookie.net/intothespiderverse/images/e/e2/Baked_Clamurai_%28E-8311%29_001.png/revision/latest/scale-to-width-down/350?cb=20210720034716,Мультфильмы
21,22,Человек-паук: Через вселенные,https://static.wikia.nocookie.net/intothespiderverse/images/2/22/Gwen-universe-with-talent_ver_1.png/revision/latest/scale-to-width-down/500?cb=20230527223604,Benjamin Parker (Earth-1610),https://static.wikia.nocookie.net/intothespiderverse/images/a/ad/Ben_Parker_%28E-1610%29_001.png/revision/latest/scale-to-width-down/350?cb=20210614032808,Мультфильмы
22,23,Человек-паук: Через вселенные,https://static.wikia.nocookie.net/intothespiderverse/images/2/22/Gwen-universe-with-talent_ver_1.png/revision/latest/scale-to-width-down/500?cb=20230527223604,Benjamin Parker (Earth-616),https://static.wikia.nocookie.net/intothespiderverse/images/a/ab/Ben_Parker_%28Earth-616%29_from_Spider-Man_Across_the_Spider-Verse.png/revision/latest/scale-to-width-down/350?cb=20230605230253,Мультфильмы
23,24,Человек-паук: Через вселенные,https://static.wikia.nocookie.net/intothespiderverse/images/2/22/Gwen-universe-with-talent_ver_1.png/revision/latest/scale-to-width-down/500?cb=20230527223604,Benjamin Parker (Earth-65),https://static.wikia.nocookie.net/intothespiderverse/images/d/d1/Ben_Parker_%28Earth-65%29_from_Spider-Man_Across_the_Spider-Verse.png/revision/latest/scale-to-width-down/350?cb=20230919100002,Мультфильмы
24,25,Человек-паук: Через вселенные,https://static.wikia.nocookie.net/intothespiderverse/images/2/22/Gwen-universe-with-talent_ver_1.png/revision/latest/scale-to-width-down/500?cb=20230527223604,Benjamin Parker (Earth-90214),,Мультфильмы
25,26,Человек-паук: Через вселенные,https://static.wikia.nocookie.net/intothespiderverse/images/2/22/Gwen-universe-with-talent_ver_1.png/revision/latest/scale-to-width-down/500?cb=20230527223604,Betty Brant,https://static.wikia.nocookie.net/intothespiderverse/images/b/b3/Betty_Brant_%28Earth-65%29_from_Across_the_Spider-Verse.png/revision/latest/scale-to-width-down/350?cb=20230807200447,Мультфильмы
26,27,Человек-паук: Через вселенные,https://static.wikia.nocookie.net/intothespiderverse/images/2/22/Gwen-universe-with-talent_ver_1.png/revision/latest/scale-to-width-down/500?cb=20230527223604,Big Wheel,https://static.wikia.nocookie.net/intothespiderverse/images/d/d4/Big_Wheel.png/revision/latest/scale-to-width-down/350?cb=20230912132011,Мультфильмы
27,28,Человек-паук: Через вселенные,https://static.wikia.nocookie.net/intothespiderverse/images/2/22/Gwen-universe-with-talent_ver_1.png/revision/latest/scale-to-width-down/500?cb=20230527223604,Blackie Drago,,Мультфильмы
28,29,Человек-паук: Через вселенные,https://static.wikia.nocookie.net/intothespiderverse/images/2/22/Gwen-universe-with-talent_ver_1.png/revision/latest/scale-to-width-down/500?cb=20230527223604,Bombastic Bag Man,https://static.wikia.nocookie.net/intothespiderverse/images/4/42/Bombasticbagman.jpg/revision/latest?cb=20230714025304,Мультфильмы
29,30,Человек-паук: Через вселенные,https://static.wikia.nocookie.net/intothespiderverse/images/2/22/Gwen-universe-with-talent_ver_1.png/revision/latest/scale-to-width-down/500?cb=20230527223604,Boomerang 2 (Earth-Unknown),https://static.wikia.nocookie.net/intothespiderverse/images/1/1b/Boomerang_2_%28Earth-Unknown%29.webp/revision/latest/scale-to-width-down/350?cb=20230826213216,Мультфильмы
30,31,Человек-паук: Через вселенные,https://static.wikia.nocookie.net/intothespiderverse/images/2/22/Gwen-universe-with-talent_ver_1.png/revision/latest/scale-to-width-down/500?cb=20230527223604,Boring Rhino,https://static.wikia.nocookie.net/intothespiderverse/images/1/1d/Regular_Rhino.png/revision/latest/scale-to-width-down/350?cb=20230721165705,Мультфильмы
31,32,Человек-паук: Через вселенные,https://static.wikia.nocookie.net/intothespiderverse/images/2/22/Gwen-universe-with-talent_ver_1.png/revision/latest/scale-to-width-down/500?cb=20230527223604,Brian Hibbs,https://static.wikia.nocookie.net/intothespiderverse/images/e/e1/Kangaroo_%28Earth-Unknown%29.png/revision/latest/scale-to-width-down/158?cb=20230825050201,Мультфильмы
32,33,Человек-паук: Через вселенные,https://static.wikia.nocookie.net/intothespiderverse/images/2/22/Gwen-universe-with-talent_ver_1.png/revision/latest/scale-to-width-down/500?cb=20230527223604,Hobart Brown (Earth-138),https://static.wikia.nocookie.net/intothespiderverse/images/4/48/Hobiebrown.jpg/revision/latest/scale-to-width-down/350?cb=20231001044404,Мультфильмы
33,34,Человек-паук: Через вселенные,https://static.wikia.nocookie.net/intothespiderverse/images/2/22/Gwen-universe-with-talent_ver_1.png/revision/latest/scale-to-width-down/500?cb=20230527223604,Category:Bruce Banner,,Мультфильмы
34,35,Человек-паук: Через вселенные,https://static.wikia.nocookie.net/intothespiderverse/images/2/22/Gwen-universe-with-talent_ver_1.png/revision/latest/scale-to-width-down/500?cb=20230527223604,Bruce Banner (Earth-616),https://static.wikia.nocookie.net/intothespiderverse/images/4/4c/Earth-616B_Storyboard.png/revision/latest/scale-to-width-down/350?cb=20230918115742,Мультфильмы
35,36,Человек-паук: Через вселенные,https://static.wikia.nocookie.net/intothespiderverse/images/2/22/Gwen-universe-with-talent_ver_1.png/revision/latest/scale-to-width-down/500?cb=20230527223604,Bruce Banner (Spider-Hulk),https://static.wikia.nocookie.net/intothespiderverse/images/2/26/Bruce_Banner_ATSV.png/revision/latest?cb=20230702201452,Мультфильмы
36,37,Человек-паук: Через вселенные,https://static.wikia.nocookie.net/intothespiderverse/images/2/22/Gwen-universe-with-talent_ver_1.png/revision/latest/scale-to-width-down/500?cb=20230527223604,Burglar (Earth-616A),https://static.wikia.nocookie.net/intothespiderverse/images/2/23/Burglar_%28Earth-616A%29.png/revision/latest/scale-to-width-down/350?cb=20230919120228,Мультфильмы
37,38,Человек-паук: Через вселенные,https://static.wikia.nocookie.net/intothespiderverse/images/2/22/Gwen-universe-with-talent_ver_1.png/revision/latest/scale-to-width-down/500?cb=20230527223604,Burglar (Earth-Unknown),https://static.wikia.nocookie.net/intothespiderverse/images/2/2d/Burglar_%28Earth-Unknown%29.webp/revision/latest?cb=20230901015557,Мультфильмы
38,39,Человек-паук: Через вселенные,https://static.wikia.nocookie.net/intothespiderverse/images/2/22/Gwen-universe-with-talent_ver_1.png/revision/latest/scale-to-width-down/500?cb=20230527223604,C. Salas,https://static.wikia.nocookie.net/intothespiderverse/images/d/dd/Salas_001.png/revision/latest/scale-to-width-down/350?cb=20210609131548,Мультфильмы
39,40,Человек-паук: Через вселенные,https://static.wikia.nocookie.net/intothespiderverse/images/2/22/Gwen-universe-with-talent_ver_1.png/revision/latest/scale-to-width-down/500?cb=20230527223604,Calleros,https://static.wikia.nocookie.net/intothespiderverse/images/3/34/Calleros_%28E-1610%29_001.png/revision/latest/scale-to-width-down/350?cb=20210712042041,Мультфильмы
40,41,Человек-паук: Через вселенные,https://static.wikia.nocookie.net/intothespiderverse/images/2/22/Gwen-universe-with-talent_ver_1.png/revision/latest/scale-to-width-down/500?cb=20230527223604,Template:Character,,Мультфильмы
41,42,Человек-паук: Через вселенные,https://static.wikia.nocookie.net/intothespiderverse/images/2/22/Gwen-universe-with-talent_ver_1.png/revision/latest/scale-to-width-down/500?cb=20230527223604,Category:Character Hubs,,Мультфильмы
42,43,Человек-паук: Через вселенные,https://static.wikia.nocookie.net/intothespiderverse/images/2/22/Gwen-universe-with-talent_ver_1.png/revision/latest/scale-to-width-down/500?cb=20230527223604,Charlotte Webber,https://static.wikia.nocookie.net/intothespiderverse/images/e/e7/Charlotte_Webber_ATSV.png/revision/latest/scale-to-width-down/350?cb=20230702174406,Мультфильмы
43,44,Человек-паук: Через вселенные,https://static.wikia.nocookie.net/intothespiderverse/images/2/22/Gwen-universe-with-talent_ver_1.png/revision/latest/scale-to-width-down/500?cb=20230527223604,Christopher Miller (Earth-13122),https://static.wikia.nocookie.net/intothespiderverse/images/f/f7/Christopher_Miller_%28Earth-13122%29.png/revision/latest?cb=20230911191657,Мультфильмы
44,45,Человек-паук: Через вселенные,https://static.wikia.nocookie.net/intothespiderverse/images/2/22/Gwen-universe-with-talent_ver_1.png/revision/latest/scale-to-width-down/500?cb=20230527223604,Cindy Moon,https://static.wikia.nocookie.net/intothespiderverse/images/d/d6/Miles%27_contacts_list_%28E-1610%29_002.png/revision/latest/scale-to-width-down/350?cb=20210809160014,Мультфильмы
45,46,Человек-паук: Через вселенные,https://static.wikia.nocookie.net/intothespiderverse/images/2/22/Gwen-universe-with-talent_ver_1.png/revision/latest/scale-to-width-down/500?cb=20230527223604,Clam,https://static.wikia.nocookie.net/intothespiderverse/images/4/42/Clam_%28Earth-Unknown%29.webp/revision/latest?cb=20230826212143,Мультфильмы
46,47,Человек-паук: Через вселенные,https://static.wikia.nocookie.net/intothespiderverse/images/2/22/Gwen-universe-with-talent_ver_1.png/revision/latest/scale-to-width-down/500?cb=20230527223604,Classic Otto Octavius,https://static.wikia.nocookie.net/intothespiderverse/images/2/29/Classic_Otto_Octavius_ATSV.png/revision/latest/scale-to-width-down/349?cb=20230814111343,Мультфильмы
47,48,Человек-паук: Через вселенные,https://static.wikia.nocookie.net/intothespiderverse/images/2/22/Gwen-universe-with-talent_ver_1.png/revision/latest/scale-to-width-down/500?cb=20230527223604,Comics Hobart Brown,,Мультфильмы
48,49,Человек-паук: Через вселенные,https://static.wikia.nocookie.net/intothespiderverse/images/2/22/Gwen-universe-with-talent_ver_1.png/revision/latest/scale-to-width-down/500?cb=20230527223604,Cyber Billygoat,https://static.wikia.nocookie.net/intothespiderverse/images/c/c3/Cyber_Billygoat_%28E-8311%29_001.png/revision/latest/scale-to-width-down/350?cb=20210720035228,Мультфильмы
49,50,Человек-паук: Через вселенные,https://static.wikia.nocookie.net/intothespiderverse/images/2/22/Gwen-universe-with-talent_ver_1.png/revision/latest/scale-to-width-down/500?cb=20230527223604,Cyborg Spider-Woman,https://static.wikia.nocookie.net/intothespiderverse/images/0/0d/Unnamed_Cyborg_Spider-Woman.webp/revision/latest/scale-to-width-down/350?cb=20230607145501,Мультфильмы
50,51,Человек-паук: Через вселенные,https://static.wikia.nocookie.net/intothespiderverse/images/2/22/Gwen-universe-with-talent_ver_1.png/revision/latest/scale-to-width-down/500?cb=20230527223604,Daisy Johnson,https://static.wikia.nocookie.net/intothespiderverse/images/8/82/Daisy_Johnson_%28Earth-1610%29.png/revision/latest?cb=20230728195904,Мультфильмы
51,52,Человек-паук: Через вселенные,https://static.wikia.nocookie.net/intothespiderverse/images/2/22/Gwen-universe-with-talent_ver_1.png/revision/latest/scale-to-width-down/500?cb=20230527223604,Daniel Brito (Earth-Unknown),https://static.wikia.nocookie.net/intothespiderverse/images/d/db/Daniel_Brito_%28Earth-Unknown%29.webp/revision/latest?cb=20230906041132,Мультфильмы
52,53,Человек-паук: Через вселенные,https://static.wikia.nocookie.net/intothespiderverse/images/2/22/Gwen-universe-with-talent_ver_1.png/revision/latest/scale-to-width-down/500?cb=20230527223604,Category:Deceased characters,,Мультфильмы
53,54,Человек-паук: Через вселенные,https://static.wikia.nocookie.net/intothespiderverse/images/2/22/Gwen-universe-with-talent_ver_1.png/revision/latest/scale-to-width-down/500?cb=20230527223604,Delilah (Earth-1610),https://static.wikia.nocookie.net/intothespiderverse/images/5/5d/Delilah_%28Earth-1610%29_from_Marvel%27s_Spider-Man_2.png/revision/latest/scale-to-width-down/350?cb=20231020051135,Мультфильмы
54,55,Человек-паук: Через вселенные,https://static.wikia.nocookie.net/intothespiderverse/images/2/22/Gwen-universe-with-talent_ver_1.png/revision/latest/scale-to-width-down/500?cb=20230527223604,Dmitri Smerdyakov (Earth-1610),https://static.wikia.nocookie.net/intothespiderverse/images/b/b5/Chameleon_%28Earth-1610%29.png/revision/latest/scale-to-width-down/350?cb=20230808143808,Мультфильмы
55,56,Человек-паук: Через вселенные,https://static.wikia.nocookie.net/intothespiderverse/images/2/22/Gwen-universe-with-talent_ver_1.png/revision/latest/scale-to-width-down/500?cb=20230527223604,Doppelganger,https://static.wikia.nocookie.net/intothespiderverse/images/b/ba/Doppelganger.jpg/revision/latest?cb=20230714015704,Мультфильмы
56,57,Человек-паук: Через вселенные,https://static.wikia.nocookie.net/intothespiderverse/images/2/22/Gwen-universe-with-talent_ver_1.png/revision/latest/scale-to-width-down/500?cb=20230527223604,Dr. Crawdaddy,https://static.wikia.nocookie.net/intothespiderverse/images/a/a7/Dr_Crawdaddy_%28E-8311%29_001.png/revision/latest/scale-to-width-down/350?cb=20210714162609,Мультфильмы
57,58,Человек-паук: Через вселенные,https://static.wikia.nocookie.net/intothespiderverse/images/2/22/Gwen-universe-with-talent_ver_1.png/revision/latest/scale-to-width-down/500?cb=20230527223604,Jessica Drew (Earth-332),https://static.wikia.nocookie.net/intothespiderverse/images/5/57/Jessica_Drew_%28Earth-404%29_from_Spider-Man_Across_the_Spider-Verse_003.png/revision/latest/scale-to-width-down/350?cb=20230620005847,Мультфильмы
58,59,Человек-паук: Через вселенные,https://static.wikia.nocookie.net/intothespiderverse/images/2/22/Gwen-universe-with-talent_ver_1.png/revision/latest/scale-to-width-down/500?cb=20230527223604,Eddie Brock (Earth-1610),,Мультфильмы
59,60,Человек-паук: Через вселенные,https://static.wikia.nocookie.net/intothespiderverse/images/2/22/Gwen-universe-with-talent_ver_1.png/revision/latest/scale-to-width-down/500?cb=20230527223604,Edward Brock (Earth-616),https://static.wikia.nocookie.net/intothespiderverse/images/4/4c/Earth-616B_Storyboard.png/revision/latest/scale-to-width-down/350?cb=20230918115742,Мультфильмы
60,61,Человек-паук: Через вселенные,https://static.wikia.nocookie.net/intothespiderverse/images/2/22/Gwen-universe-with-talent_ver_1.png/revision/latest/scale-to-width-down/500?cb=20230527223604,Eugene Patilio (Earth-1610),https://static.wikia.nocookie.net/intothespiderverse/images/c/ca/Frog-Man_%28Earth-1610%29.png/revision/latest/scale-to-width-down/350?cb=20230808144252,Мультфильмы
61,62,Человек-паук: Через вселенные,https://static.wikia.nocookie.net/intothespiderverse/images/2/22/Gwen-universe-with-talent_ver_1.png/revision/latest/scale-to-width-down/500?cb=20230527223604,Eugene Patilio (Earth-Unknown),https://static.wikia.nocookie.net/intothespiderverse/images/e/e8/Frog-Man_ATSV.png/revision/latest?cb=20230815170115,Мультфильмы
62,63,Человек-паук: Через вселенные,https://static.wikia.nocookie.net/intothespiderverse/images/2/22/Gwen-universe-with-talent_ver_1.png/revision/latest/scale-to-width-down/500?cb=20230527223604,Ezekiel Sims (Earth-Unknown),https://static.wikia.nocookie.net/intothespiderverse/images/7/7b/Ezekiel_Sims_Spider-Therapist.webp/revision/latest/scale-to-width-down/350?cb=20230603190630,Мультфильмы
63,64,Человек-паук: Через вселенные,https://static.wikia.nocookie.net/intothespiderverse/images/2/22/Gwen-universe-with-talent_ver_1.png/revision/latest/scale-to-width-down/500?cb=20230527223604,Flash Thompson (Earth-616),,Мультфильмы
64,65,Человек-паук: Через вселенные,https://static.wikia.nocookie.net/intothespiderverse/images/2/22/Gwen-universe-with-talent_ver_1.png/revision/latest/scale-to-width-down/500?cb=20230527223604,Flash Thompson (Earth-78127),https://static.wikia.nocookie.net/intothespiderverse/images/7/76/CaptainSpider.jpg/revision/latest?cb=20230714022322,Мультфильмы
65,66,Человек-паук: Через вселенные,https://static.wikia.nocookie.net/intothespiderverse/images/2/22/Gwen-universe-with-talent_ver_1.png/revision/latest/scale-to-width-down/500?cb=20230527223604,Flint Marko (Earth-42),,Мультфильмы
66,67,Человек-паук: Через вселенные,https://static.wikia.nocookie.net/intothespiderverse/images/2/22/Gwen-universe-with-talent_ver_1.png/revision/latest/scale-to-width-down/500?cb=20230527223604,Francis Byte,https://static.wikia.nocookie.net/intothespiderverse/images/9/99/Videoman_ATSV.png/revision/latest?cb=20230627125735,Мультфильмы
67,68,Человек-паук: Через вселенные,https://static.wikia.nocookie.net/intothespiderverse/images/2/22/Gwen-universe-with-talent_ver_1.png/revision/latest/scale-to-width-down/500?cb=20230527223604,Frankfurter Porker,,Мультфильмы
68,69,Человек-паук: Через вселенные,https://static.wikia.nocookie.net/intothespiderverse/images/2/22/Gwen-universe-with-talent_ver_1.png/revision/latest/scale-to-width-down/500?cb=20230527223604,Fredrick Foswell,https://static.wikia.nocookie.net/intothespiderverse/images/c/c3/Frederick_Foswell_%28Earth-Unknown%29.webp/revision/latest/scale-to-width-down/350?cb=20230826213031,Мультфильмы
69,70,Человек-паук: Через вселенные,https://static.wikia.nocookie.net/intothespiderverse/images/2/22/Gwen-universe-with-talent_ver_1.png/revision/latest/scale-to-width-down/500?cb=20230527223604,Future Foundation Spider-Woman,https://static.wikia.nocookie.net/intothespiderverse/images/9/91/FF_Spider-Woman_%28Earth-Unknown%29.webp/revision/latest/scale-to-width-down/276?cb=20230816004349,Мультфильмы
70,71,Человек-паук: Через вселенные,https://static.wikia.nocookie.net/intothespiderverse/images/2/22/Gwen-universe-with-talent_ver_1.png/revision/latest/scale-to-width-down/500?cb=20230527223604,Gabriella O'Hara,,Мультфильмы
71,72,Человек-паук: Через вселенные,https://static.wikia.nocookie.net/intothespiderverse/images/2/22/Gwen-universe-with-talent_ver_1.png/revision/latest/scale-to-width-down/500?cb=20230527223604,Ganke Lee,https://static.wikia.nocookie.net/intothespiderverse/images/2/2c/Ganke_Lee_%28E-1610%29_001.png/revision/latest/scale-to-width-down/350?cb=20210624162153,Мультфильмы
72,73,Человек-паук: Через вселенные,https://static.wikia.nocookie.net/intothespiderverse/images/2/22/Gwen-universe-with-talent_ver_1.png/revision/latest/scale-to-width-down/500?cb=20230527223604,Gayatri Singh,https://static.wikia.nocookie.net/intothespiderverse/images/6/6d/Gayatri_Singh_%28Earth-50101%29_from_Spider-Man_Across_the_Spider-Verse_002.png/revision/latest/scale-to-width-down/350?cb=20230818213507,Мультфильмы
73,74,Человек-паук: Через вселенные,https://static.wikia.nocookie.net/intothespiderverse/images/2/22/Gwen-universe-with-talent_ver_1.png/revision/latest/scale-to-width-down/500?cb=20230527223604,George Stacy (Earth-26496),https://static.wikia.nocookie.net/intothespiderverse/images/b/b2/2000s_Earth-26496_from_Across_Spider-Verse_001.png/revision/latest/scale-to-width-down/349?cb=20230808141932,Мультфильмы
74,75,Человек-паук: Через вселенные,https://static.wikia.nocookie.net/intothespiderverse/images/2/22/Gwen-universe-with-talent_ver_1.png/revision/latest/scale-to-width-down/500?cb=20230527223604,George Stacy (Earth-616),https://static.wikia.nocookie.net/intothespiderverse/images/9/9b/George_Stacy_%28Earth-616%29_from_Spider-Man_Across_the_Spider-Verse_001.png/revision/latest/scale-to-width-down/350?cb=20230608014018,Мультфильмы
75,76,Человек-паук: Через вселенные,https://static.wikia.nocookie.net/intothespiderverse/images/2/22/Gwen-universe-with-talent_ver_1.png/revision/latest/scale-to-width-down/500?cb=20230527223604,George Stacy (Earth-616A),https://static.wikia.nocookie.net/intothespiderverse/images/e/e7/616AStacy.png/revision/latest/scale-to-width-down/350?cb=20230717174349,Мультфильмы
76,77,Человек-паук: Через вселенные,https://static.wikia.nocookie.net/intothespiderverse/images/2/22/Gwen-universe-with-talent_ver_1.png/revision/latest/scale-to-width-down/500?cb=20230527223604,George Stacy (Earth-65),https://static.wikia.nocookie.net/intothespiderverse/images/3/3b/George_Stacy_Earth-65B.jpg/revision/latest/scale-to-width-down/350?cb=20230825034818,Мультфильмы
77,78,Человек-паук: Через вселенные,https://static.wikia.nocookie.net/intothespiderverse/images/2/22/Gwen-universe-with-talent_ver_1.png/revision/latest/scale-to-width-down/500?cb=20230527223604,Gloria Morales,https://static.wikia.nocookie.net/intothespiderverse/images/3/3e/Jeff%27s_contacts_list_%28E-1610%29_001.png/revision/latest/scale-to-width-down/350?cb=20210809042509,Мультфильмы
78,79,Человек-паук: Через вселенные,https://static.wikia.nocookie.net/intothespiderverse/images/2/22/Gwen-universe-with-talent_ver_1.png/revision/latest/scale-to-width-down/500?cb=20230527223604,Glory Grant,https://static.wikia.nocookie.net/intothespiderverse/images/9/90/Glory_Grant_%28Earth-65%29.png/revision/latest/scale-to-width-down/350?cb=20230807200010,Мультфильмы
79,80,Человек-паук: Через вселенные,https://static.wikia.nocookie.net/intothespiderverse/images/2/22/Gwen-universe-with-talent_ver_1.png/revision/latest/scale-to-width-down/500?cb=20230527223604,Gog (Earth-42),https://static.wikia.nocookie.net/intothespiderverse/images/0/09/Gog_%28Earth-42%29.png/revision/latest?cb=20230816191955,Мультфильмы
80,81,Человек-паук: Через вселенные,https://static.wikia.nocookie.net/intothespiderverse/images/2/22/Gwen-universe-with-talent_ver_1.png/revision/latest/scale-to-width-down/500?cb=20230527223604,Gog (Earth-Unknown),https://static.wikia.nocookie.net/intothespiderverse/images/c/c0/Gog_%28Earth-Unknown%29.png/revision/latest/scale-to-width-down/350?cb=20230912132036,Мультфильмы
81,82,Человек-паук: Через вселенные,https://static.wikia.nocookie.net/intothespiderverse/images/2/22/Gwen-universe-with-talent_ver_1.png/revision/latest/scale-to-width-down/500?cb=20230527223604,Gog 2 (Earth-Unknown),https://static.wikia.nocookie.net/intothespiderverse/images/f/f5/Gog_2_%28Earth-Unknown%29.webp/revision/latest?cb=20230826212739,Мультфильмы
82,83,Человек-паук: Через вселенные,https://static.wikia.nocookie.net/intothespiderverse/images/2/22/Gwen-universe-with-talent_ver_1.png/revision/latest/scale-to-width-down/500?cb=20230527223604,Goose Cannon,https://static.wikia.nocookie.net/intothespiderverse/images/0/0e/Goose_Cannon_%28E-8311%29_001.png/revision/latest/scale-to-width-down/350?cb=20210720033431,Мультфильмы
83,84,Человек-паук: Через вселенные,https://static.wikia.nocookie.net/intothespiderverse/images/2/22/Gwen-universe-with-talent_ver_1.png/revision/latest/scale-to-width-down/500?cb=20230527223604,Gordon Thomas,https://static.wikia.nocookie.net/intothespiderverse/images/e/e9/Typeface_ATSV.png/revision/latest/scale-to-width-down/350?cb=20230724171738,Мультфильмы
84,85,Человек-паук: Через вселенные,https://static.wikia.nocookie.net/intothespiderverse/images/2/22/Gwen-universe-with-talent_ver_1.png/revision/latest/scale-to-width-down/500?cb=20230527223604,Category:Gwen Stacy,,Мультфильмы
85,86,Человек-паук: Через вселенные,https://static.wikia.nocookie.net/intothespiderverse/images/2/22/Gwen-universe-with-talent_ver_1.png/revision/latest/scale-to-width-down/500?cb=20230527223604,Harry Osborn,,Мультфильмы
86,87,Человек-паук: Через вселенные,https://static.wikia.nocookie.net/intothespiderverse/images/2/22/Gwen-universe-with-talent_ver_1.png/revision/latest/scale-to-width-down/500?cb=20230527223604,Helen Stacy (Earth-65),https://static.wikia.nocookie.net/intothespiderverse/images/4/48/Gwenmom.jpg/revision/latest/scale-to-width-down/350?cb=20230925174232,Мультфильмы
87,88,Человек-паук: Через вселенные,https://static.wikia.nocookie.net/intothespiderverse/images/2/22/Gwen-universe-with-talent_ver_1.png/revision/latest/scale-to-width-down/500?cb=20230527223604,Herman Schultz (Earth-1610),https://static.wikia.nocookie.net/intothespiderverse/images/9/92/Herman_Schultz_%28Earth-1610%29_from_Spider-Man_Into_the_Spider-Verse.png/revision/latest/scale-to-width-down/350?cb=20230526193118,Мультфильмы
88,89,Человек-паук: Через вселенные,https://static.wikia.nocookie.net/intothespiderverse/images/2/22/Gwen-universe-with-talent_ver_1.png/revision/latest/scale-to-width-down/500?cb=20230527223604,Herman Schultz (Earth-42),,Мультфильмы
89,90,Человек-паук: Через вселенные,https://static.wikia.nocookie.net/intothespiderverse/images/2/22/Gwen-universe-with-talent_ver_1.png/revision/latest/scale-to-width-down/500?cb=20230527223604,Herman Schultz (Earth-Unknown),https://static.wikia.nocookie.net/intothespiderverse/images/0/06/Shocker_ATSV.png/revision/latest/scale-to-width-down/350?cb=20230813052048,Мультфильмы
90,91,Человек-паук: Через вселенные,https://static.wikia.nocookie.net/intothespiderverse/images/2/22/Gwen-universe-with-talent_ver_1.png/revision/latest/scale-to-width-down/500?cb=20230527223604,Hobgoblin (Earth-50101),https://static.wikia.nocookie.net/intothespiderverse/images/6/6e/Roderick_Kingsley_%28Earth-50101%29.png/revision/latest/scale-to-width-down/350?cb=20230805195324,Мультфильмы
91,92,Человек-паук: Через вселенные,https://static.wikia.nocookie.net/intothespiderverse/images/2/22/Gwen-universe-with-talent_ver_1.png/revision/latest/scale-to-width-down/500?cb=20230527223604,Hubert Carpenter,https://static.wikia.nocookie.net/intothespiderverse/images/8/84/Hubert_Carpenter_%28Earth-Unknown%29.webp/revision/latest/scale-to-width-down/350?cb=20230826213118,Мультфильмы
92,93,Человек-паук: Через вселенные,https://static.wikia.nocookie.net/intothespiderverse/images/2/22/Gwen-universe-with-talent_ver_1.png/revision/latest/scale-to-width-down/500?cb=20230527223604,Hubert Carpenter (Earth-138),https://static.wikia.nocookie.net/intothespiderverse/images/d/d8/Walrus_%28Earth-138%29.png/revision/latest/scale-to-width-down/350?cb=20230808163837,Мультфильмы
93,94,Человек-паук: Через вселенные,https://static.wikia.nocookie.net/intothespiderverse/images/2/22/Gwen-universe-with-talent_ver_1.png/revision/latest/scale-to-width-down/500?cb=20230527223604,Inspector Singh,https://static.wikia.nocookie.net/intothespiderverse/images/1/19/Singh.jpg/revision/latest/scale-to-width-down/350?cb=20230818055123,Мультфильмы
94,95,Человек-паук: Через вселенные,https://static.wikia.nocookie.net/intothespiderverse/images/2/22/Gwen-universe-with-talent_ver_1.png/revision/latest/scale-to-width-down/500?cb=20230527223604,J. Jonah Jameson (Earth-13122),https://static.wikia.nocookie.net/intothespiderverse/images/e/eb/J_Jonah_Jameson_%28Earth-13122%29.png/revision/latest/scale-to-width-down/350?cb=20230724192142,Мультфильмы
95,96,Человек-паук: Через вселенные,https://static.wikia.nocookie.net/intothespiderverse/images/2/22/Gwen-universe-with-talent_ver_1.png/revision/latest/scale-to-width-down/500?cb=20230527223604,J. Jonah Jameson (Earth-1610),https://static.wikia.nocookie.net/intothespiderverse/images/4/43/J._Jonah_Jameson_%28Earth-1610%29_from_Spider-Man_Across_the_Spider-Verse.png/revision/latest/scale-to-width-down/350?cb=20230616030737,Мультфильмы
96,97,Человек-паук: Через вселенные,https://static.wikia.nocookie.net/intothespiderverse/images/2/22/Gwen-universe-with-talent_ver_1.png/revision/latest/scale-to-width-down/500?cb=20230527223604,J. Jonah Jameson (Earth-42),,Мультфильмы
97,98,Человек-паук: Через вселенные,https://static.wikia.nocookie.net/intothespiderverse/images/2/22/Gwen-universe-with-talent_ver_1.png/revision/latest/scale-to-width-down/500?cb=20230527223604,J. Jonah Jameson (Earth-616),,Мультфильмы
98,99,Человек-паук: Через вселенные,https://static.wikia.nocookie.net/intothespiderverse/images/2/22/Gwen-universe-with-talent_ver_1.png/revision/latest/scale-to-width-down/500?cb=20230527223604,J. Jonah Jameson (Earth-65),,Мультфильмы
99,100,Человек-паук: Через вселенные,https://static.wikia.nocookie.net/intothespiderverse/images/2/22/Gwen-universe-with-talent_ver_1.png/revision/latest/scale-to-width-down/500?cb=20230527223604,J. Jonah Jameson (Earth-67),https://static.wikia.nocookie.net/intothespiderverse/images/a/a0/J._Jonah_Jameson_%28E-67%29_001.png/revision/latest/scale-to-width-down/350?cb=20210609141557,Мультфильмы
100,101,Человек-паук: Через вселенные,https://static.wikia.nocookie.net/intothespiderverse/images/2/22/Gwen-universe-with-talent_ver_1.png/revision/latest/scale-to-width-down/500?cb=20230527223604,Jackson Brice (Earth-Unknown),https://static.wikia.nocookie.net/intothespiderverse/images/c/c7/Jackson_Brice_%28Earth-Unknown%29.webp/revision/latest?cb=20230906041001,Мультфильмы
101,102,Человек-паук: Через вселенные,https://static.wikia.nocookie.net/intothespiderverse/images/2/22/Gwen-universe-with-talent_ver_1.png/revision/latest/scale-to-width-down/500?cb=20230527223604,Jalome Beacher,https://static.wikia.nocookie.net/intothespiderverse/images/c/c7/Jalome_Beacher_%28Earth-Unknown%29.webp/revision/latest?cb=20230826212227,Мультфильмы
102,103,Человек-паук: Через вселенные,https://static.wikia.nocookie.net/intothespiderverse/images/2/22/Gwen-universe-with-talent_ver_1.png/revision/latest/scale-to-width-down/500?cb=20230527223604,Jalome Beacher (Earth-42),,Мультфильмы
103,104,Человек-паук: Через вселенные,https://static.wikia.nocookie.net/intothespiderverse/images/2/22/Gwen-universe-with-talent_ver_1.png/revision/latest/scale-to-width-down/500?cb=20230527223604,Janice Lincoln,https://static.wikia.nocookie.net/intothespiderverse/images/a/af/Janice_Lincoln_%28Earth-Unknown%29.webp/revision/latest?cb=20230826212703,Мультфильмы
104,105,Человек-паук: Через вселенные,https://static.wikia.nocookie.net/intothespiderverse/images/2/22/Gwen-universe-with-talent_ver_1.png/revision/latest/scale-to-width-down/500?cb=20230527223604,Jefferson Davis (Earth-1610),https://static.wikia.nocookie.net/intothespiderverse/images/9/93/Jefferson_Davis_%28Earth-1610%29_from_Spider-Man_Across_the_Spider-Verse_001.jpg/revision/latest/scale-to-width-down/350?cb=20230810093955,Мультфильмы
105,106,Человек-паук: Через вселенные,https://static.wikia.nocookie.net/intothespiderverse/images/2/22/Gwen-universe-with-talent_ver_1.png/revision/latest/scale-to-width-down/500?cb=20230527223604,Jefferson Davis (Earth-42),https://static.wikia.nocookie.net/intothespiderverse/images/c/cf/Jefferson_Davis_%28Earth-42%29_from_Spider-Man_Across_the_Spider-Verse.png/revision/latest/scale-to-width-down/350?cb=20230616022825,Мультфильмы
106,107,Человек-паук: Через вселенные,https://static.wikia.nocookie.net/intothespiderverse/images/2/22/Gwen-universe-with-talent_ver_1.png/revision/latest/scale-to-width-down/500?cb=20230527223604,Jessica Drew (Earth-1610),https://static.wikia.nocookie.net/intothespiderverse/images/7/70/Miles%27_contacts_list_%28E-1610%29_001.png/revision/latest/scale-to-width-down/350?cb=20210610165154,Мультфильмы
107,108,Человек-паук: Через вселенные,https://static.wikia.nocookie.net/intothespiderverse/images/2/22/Gwen-universe-with-talent_ver_1.png/revision/latest/scale-to-width-down/500?cb=20230527223604,Jonathan Ohnn,https://static.wikia.nocookie.net/intothespiderverse/images/9/9b/Thespotfinallook.jpg/revision/latest/scale-to-width-down/350?cb=20230917200127,Мультфильмы
108,109,Человек-паук: Через вселенные,https://static.wikia.nocookie.net/intothespiderverse/images/2/22/Gwen-universe-with-talent_ver_1.png/revision/latest/scale-to-width-down/500?cb=20230527223604,Joseph (Earth-1610),https://static.wikia.nocookie.net/intothespiderverse/images/a/a4/Hammerhead_%28Earth-1610%29_ATSV.png/revision/latest/scale-to-width-down/350?cb=20230808144116,Мультфильмы
109,110,Человек-паук: Через вселенные,https://static.wikia.nocookie.net/intothespiderverse/images/2/22/Gwen-universe-with-talent_ver_1.png/revision/latest/scale-to-width-down/500?cb=20230527223604,Joseph (Earth-42),https://static.wikia.nocookie.net/intothespiderverse/images/d/db/Hammerhead_%28Earth-42%29.png/revision/latest?cb=20230816191234,Мультфильмы
110,111,Человек-паук: Через вселенные,https://static.wikia.nocookie.net/intothespiderverse/images/2/22/Gwen-universe-with-talent_ver_1.png/revision/latest/scale-to-width-down/500?cb=20230527223604,Joseph (Earth-Unknown),https://static.wikia.nocookie.net/intothespiderverse/images/7/72/Hammerhead_ATSV.png/revision/latest?cb=20230828161909,Мультфильмы
111,112,Человек-паук: Через вселенные,https://static.wikia.nocookie.net/intothespiderverse/images/2/22/Gwen-universe-with-talent_ver_1.png/revision/latest/scale-to-width-down/500?cb=20230527223604,Julia Carpenter (Earth-Unknown),https://static.wikia.nocookie.net/intothespiderverse/images/e/e5/Julia_Carpenter.png/revision/latest/scale-to-width-down/221?cb=20230816124438,Мультфильмы
112,113,Человек-паук: Через вселенные,https://static.wikia.nocookie.net/intothespiderverse/images/2/22/Gwen-universe-with-talent_ver_1.png/revision/latest/scale-to-width-down/500?cb=20230527223604,Margo Kess,https://static.wikia.nocookie.net/intothespiderverse/images/a/af/Spider-Byte_Trailer_2.png/revision/latest/scale-to-width-down/350?cb=20230407164811,Мультфильмы
113,114,Человек-паук: Через вселенные,https://static.wikia.nocookie.net/intothespiderverse/images/2/22/Gwen-universe-with-talent_ver_1.png/revision/latest/scale-to-width-down/500?cb=20230527223604,Kraven the Hunter (Earth-65),https://static.wikia.nocookie.net/intothespiderverse/images/e/e8/Gwenlasthunt.jpg/revision/latest/scale-to-width-down/350?cb=20231002161440,Мультфильмы
114,115,Человек-паук: Через вселенные,https://static.wikia.nocookie.net/intothespiderverse/images/2/22/Gwen-universe-with-talent_ver_1.png/revision/latest/scale-to-width-down/500?cb=20230527223604,Leopardon,https://static.wikia.nocookie.net/intothespiderverse/images/9/9f/Leopardon1.png/revision/latest?cb=20230723052719,Мультфильмы
115,116,Человек-паук: Через вселенные,https://static.wikia.nocookie.net/intothespiderverse/images/2/22/Gwen-universe-with-talent_ver_1.png/revision/latest/scale-to-width-down/500?cb=20230527223604,List of Minor Characters,,Мультфильмы
116,117,Человек-паук: Через вселенные,https://static.wikia.nocookie.net/intothespiderverse/images/2/22/Gwen-universe-with-talent_ver_1.png/revision/latest/scale-to-width-down/500?cb=20230527223604,Live Action Doc Ock,https://static.wikia.nocookie.net/intothespiderverse/images/5/58/Doc_Ock_ATSV.png/revision/latest?cb=20230814110552,Мультфильмы
117,118,Человек-паук: Через вселенные,https://static.wikia.nocookie.net/intothespiderverse/images/2/22/Gwen-universe-with-talent_ver_1.png/revision/latest/scale-to-width-down/500?cb=20230527223604,Liz Allan,,Мультфильмы
118,119,Человек-паук: Через вселенные,https://static.wikia.nocookie.net/intothespiderverse/images/2/22/Gwen-universe-with-talent_ver_1.png/revision/latest/scale-to-width-down/500?cb=20230527223604,Lonnie Lincoln (Earth-1610),https://static.wikia.nocookie.net/intothespiderverse/images/3/36/Screenshot_2023-04-13_10.55.09_AM.png/revision/latest/scale-to-width-down/350?cb=20230413180434,Мультфильмы
119,120,Человек-паук: Через вселенные,https://static.wikia.nocookie.net/intothespiderverse/images/2/22/Gwen-universe-with-talent_ver_1.png/revision/latest/scale-to-width-down/500?cb=20230527223604,Lonnie Lincoln (Earth-616),https://static.wikia.nocookie.net/intothespiderverse/images/3/37/Screenshot_2023-04-21_11.05.41_AM.png/revision/latest/scale-to-width-down/350?cb=20230421181258,Мультфильмы
120,121,Человек-паук: Через вселенные,https://static.wikia.nocookie.net/intothespiderverse/images/2/22/Gwen-universe-with-talent_ver_1.png/revision/latest/scale-to-width-down/500?cb=20230527223604,LYLA,https://static.wikia.nocookie.net/intothespiderverse/images/6/64/Lyla_from_Spider-Man_Across_the_Spider-Verse_002.png/revision/latest/scale-to-width-down/350?cb=20230808174648,Мультфильмы
121,122,Человек-паук: Через вселенные,https://static.wikia.nocookie.net/intothespiderverse/images/2/22/Gwen-universe-with-talent_ver_1.png/revision/latest/scale-to-width-down/500?cb=20230527223604,Macdonald Gargan (Earth-42),,Мультфильмы
122,123,Человек-паук: Через вселенные,https://static.wikia.nocookie.net/intothespiderverse/images/2/22/Gwen-universe-with-talent_ver_1.png/revision/latest/scale-to-width-down/500?cb=20230527223604,Majestic Cariboom,https://static.wikia.nocookie.net/intothespiderverse/images/f/fc/Majestic_Cariboom_%28E-8311%29_001.png/revision/latest/scale-to-width-down/350?cb=20210720044002,Мультфильмы
123,124,Человек-паук: Через вселенные,https://static.wikia.nocookie.net/intothespiderverse/images/2/22/Gwen-universe-with-talent_ver_1.png/revision/latest/scale-to-width-down/500?cb=20230527223604,Malala Windsor,https://static.wikia.nocookie.net/intothespiderverse/images/2/20/Malala_Windsor_%25_28Earth-835%25_29_from_Spider-Man_Across_the_Spider-Verse_001.webp/revision/latest/scale-to-width-down/350?cb=20230714023726,Мультфильмы
124,125,Человек-паук: Через вселенные,https://static.wikia.nocookie.net/intothespiderverse/images/2/22/Gwen-universe-with-talent_ver_1.png/revision/latest/scale-to-width-down/500?cb=20230527223604,Mariachi Spider-Man 1,https://static.wikia.nocookie.net/intothespiderverse/images/d/d5/Mariachi_Spider-Man_%28Earth-Unknown%29.webp/revision/latest?cb=20230816004458,Мультфильмы
125,126,Человек-паук: Через вселенные,https://static.wikia.nocookie.net/intothespiderverse/images/2/22/Gwen-universe-with-talent_ver_1.png/revision/latest/scale-to-width-down/500?cb=20230527223604,Mariachi Spider-Man 2,https://static.wikia.nocookie.net/intothespiderverse/images/e/e8/Mariachi_Spider-Man_2_%28Earth-Unknown%29.webp/revision/latest?cb=20230816004556,Мультфильмы
126,127,Человек-паук: Через вселенные,https://static.wikia.nocookie.net/intothespiderverse/images/2/22/Gwen-universe-with-talent_ver_1.png/revision/latest/scale-to-width-down/500?cb=20230527223604,Mariachi Spider-Man 3,https://static.wikia.nocookie.net/intothespiderverse/images/9/93/Mariachi_Spider-Man_3_%28Earth-Unknown%29.webp/revision/latest?cb=20230816004651,Мультфильмы
127,128,Человек-паук: Через вселенные,https://static.wikia.nocookie.net/intothespiderverse/images/2/22/Gwen-universe-with-talent_ver_1.png/revision/latest/scale-to-width-down/500?cb=20230527223604,Mary Jane Watson (Earth-1610),https://static.wikia.nocookie.net/intothespiderverse/images/c/c9/Screenshot_2023-04-21_11.50.55_AM2.png/revision/latest/scale-to-width-down/350?cb=20230426145614,Мультфильмы
128,129,Человек-паук: Через вселенные,https://static.wikia.nocookie.net/intothespiderverse/images/2/22/Gwen-universe-with-talent_ver_1.png/revision/latest/scale-to-width-down/500?cb=20230527223604,Mary Jane Watson (Earth-18119),https://static.wikia.nocookie.net/intothespiderverse/images/e/e1/Spinneret.jpg/revision/latest/scale-to-width-down/288?cb=20230702182751,Мультфильмы
129,130,Человек-паук: Через вселенные,https://static.wikia.nocookie.net/intothespiderverse/images/2/22/Gwen-universe-with-talent_ver_1.png/revision/latest/scale-to-width-down/500?cb=20230527223604,Mary Jane Watson (Earth-616),https://static.wikia.nocookie.net/intothespiderverse/images/f/f6/Screenshot_2023-04-06_8.23.49_PM.png/revision/latest/scale-to-width-down/350?cb=20230407032646,Мультфильмы
130,131,Человек-паук: Через вселенные,https://static.wikia.nocookie.net/intothespiderverse/images/2/22/Gwen-universe-with-talent_ver_1.png/revision/latest/scale-to-width-down/500?cb=20230527223604,Mary Jane Watson (Earth-65),https://static.wikia.nocookie.net/intothespiderverse/images/5/5f/Em_Jay_Watson_%28Earth-65%29.png/revision/latest/scale-to-width-down/350?cb=20230807183052,Мультфильмы
131,132,Человек-паук: Через вселенные,https://static.wikia.nocookie.net/intothespiderverse/images/2/22/Gwen-universe-with-talent_ver_1.png/revision/latest/scale-to-width-down/500?cb=20230527223604,Max Borne,https://static.wikia.nocookie.net/intothespiderverse/images/6/68/Max_Borne_%25_28Earth-9500%25_29_from_Spider-Man_Across_the_Spider-Verse_001.webp/revision/latest/scale-to-width-down/350?cb=20230629160052,Мультфильмы
132,133,Человек-паук: Через вселенные,https://static.wikia.nocookie.net/intothespiderverse/images/2/22/Gwen-universe-with-talent_ver_1.png/revision/latest/scale-to-width-down/500?cb=20230527223604,Maximus Gargan (Earth-1610),https://static.wikia.nocookie.net/intothespiderverse/images/f/f9/Screenshot_2023-04-15_8.57.39_PM.png/revision/latest/scale-to-width-down/350?cb=20230416035911,Мультфильмы
133,134,Человек-паук: Через вселенные,https://static.wikia.nocookie.net/intothespiderverse/images/2/22/Gwen-universe-with-talent_ver_1.png/revision/latest/scale-to-width-down/500?cb=20230527223604,Maximus Gargan (Earth-616),https://static.wikia.nocookie.net/intothespiderverse/images/e/e6/Screenshot_2023-04-07_10.21.27_PM.png/revision/latest?cb=20230408052309,Мультфильмы
134,135,Человек-паук: Через вселенные,https://static.wikia.nocookie.net/intothespiderverse/images/2/22/Gwen-universe-with-talent_ver_1.png/revision/latest/scale-to-width-down/500?cb=20230527223604,Maxwell Dillon (Earth-42),,Мультфильмы
135,136,Человек-паук: Через вселенные,https://static.wikia.nocookie.net/intothespiderverse/images/2/22/Gwen-universe-with-talent_ver_1.png/revision/latest/scale-to-width-down/500?cb=20230527223604,Maxwell Markham,https://static.wikia.nocookie.net/intothespiderverse/images/9/9d/Grizzly_Maxwell_Markham_from_Across_the_Spider-Verse.jpg/revision/latest/scale-to-width-down/350?cb=20230713234148,Мультфильмы
136,137,Человек-паук: Через вселенные,https://static.wikia.nocookie.net/intothespiderverse/images/2/22/Gwen-universe-with-talent_ver_1.png/revision/latest/scale-to-width-down/500?cb=20230527223604,Maxwell Markham (Earth-1610),https://static.wikia.nocookie.net/intothespiderverse/images/7/77/Grizzly_%28Earth-1610%29.png/revision/latest/scale-to-width-down/350?cb=20230808152049,Мультфильмы
137,138,Человек-паук: Через вселенные,https://static.wikia.nocookie.net/intothespiderverse/images/2/22/Gwen-universe-with-talent_ver_1.png/revision/latest/scale-to-width-down/500?cb=20230527223604,Category:May Parker,,Мультфильмы
138,139,Человек-паук: Через вселенные,https://static.wikia.nocookie.net/intothespiderverse/images/2/22/Gwen-universe-with-talent_ver_1.png/revision/latest/scale-to-width-down/500?cb=20230527223604,May Parker (Earth-616),https://static.wikia.nocookie.net/intothespiderverse/images/1/1a/Screenshot_2023-04-11_11.49.42_AM.png/revision/latest/scale-to-width-down/350?cb=20230411191457,Мультфильмы
139,140,Человек-паук: Через вселенные,https://static.wikia.nocookie.net/intothespiderverse/images/2/22/Gwen-universe-with-talent_ver_1.png/revision/latest/scale-to-width-down/500?cb=20230527223604,May Parker (Earth-982),https://static.wikia.nocookie.net/intothespiderverse/images/5/53/Mayday_Parker_Earth-982_ATSV.png/revision/latest/scale-to-width-down/350?cb=20230702180213,Мультфильмы
140,141,Человек-паук: Через вселенные,https://static.wikia.nocookie.net/intothespiderverse/images/2/22/Gwen-universe-with-talent_ver_1.png/revision/latest/scale-to-width-down/500?cb=20230527223604,May Porker,,Мультфильмы
141,142,Человек-паук: Через вселенные,https://static.wikia.nocookie.net/intothespiderverse/images/2/22/Gwen-universe-with-talent_ver_1.png/revision/latest/scale-to-width-down/500?cb=20230527223604,Maya Prabhakar,https://static.wikia.nocookie.net/intothespiderverse/images/9/92/Maya_Prabhakar_%28Earth-50101%29_from_Spider-Man_Across_the_Spider-Verse.png/revision/latest/scale-to-width-down/350?cb=20230616004723,Мультфильмы
142,143,Человек-паук: Через вселенные,https://static.wikia.nocookie.net/intothespiderverse/images/2/22/Gwen-universe-with-talent_ver_1.png/revision/latest/scale-to-width-down/500?cb=20230527223604,Maybelle Parker (Earth-1610),https://static.wikia.nocookie.net/intothespiderverse/images/b/bb/May_Parker_%28E-1610%29_001.png/revision/latest/scale-to-width-down/350?cb=20210608111833,Мультфильмы
143,144,Человек-паук: Через вселенные,https://static.wikia.nocookie.net/intothespiderverse/images/2/22/Gwen-universe-with-talent_ver_1.png/revision/latest/scale-to-width-down/500?cb=20230527223604,Maybelle Parker (Earth-616),https://static.wikia.nocookie.net/intothespiderverse/images/8/8f/May_Parker_616_0002.webp/revision/latest/scale-to-width-down/316?cb=20230509181205,Мультфильмы
144,145,Человек-паук: Через вселенные,https://static.wikia.nocookie.net/intothespiderverse/images/2/22/Gwen-universe-with-talent_ver_1.png/revision/latest/scale-to-width-down/500?cb=20230527223604,Maybelle Parker (Earth-65),https://static.wikia.nocookie.net/intothespiderverse/images/7/73/May_Parker_%28Earth-65%29_from_Spider-Man_Across_the_Spider-Verse.png/revision/latest/scale-to-width-down/350?cb=20230919100032,Мультфильмы
145,146,Человек-паук: Через вселенные,https://static.wikia.nocookie.net/intothespiderverse/images/2/22/Gwen-universe-with-talent_ver_1.png/revision/latest/scale-to-width-down/500?cb=20230527223604,Maybelle Reilly (Earth-803),https://static.wikia.nocookie.net/intothespiderverse/images/6/62/Ladyspider.jpg/revision/latest?cb=20230714042733,Мультфильмы
146,147,Человек-паук: Через вселенные,https://static.wikia.nocookie.net/intothespiderverse/images/2/22/Gwen-universe-with-talent_ver_1.png/revision/latest/scale-to-width-down/500?cb=20230527223604,Metro Spider-Man,https://static.wikia.nocookie.net/intothespiderverse/images/c/c8/Metro_Spider-Man_.png/revision/latest/scale-to-width-down/350?cb=20230616170823,Мультфильмы
147,148,Человек-паук: Через вселенные,https://static.wikia.nocookie.net/intothespiderverse/images/2/22/Gwen-universe-with-talent_ver_1.png/revision/latest/scale-to-width-down/500?cb=20230527223604,Miguel O'Hara (Earth-928),https://static.wikia.nocookie.net/intothespiderverse/images/a/a1/Miguel_O%27Hara_01.jpg/revision/latest/scale-to-width-down/350?cb=20230404074941,Мультфильмы
148,149,Человек-паук: Через вселенные,https://static.wikia.nocookie.net/intothespiderverse/images/2/22/Gwen-universe-with-talent_ver_1.png/revision/latest/scale-to-width-down/500?cb=20230527223604,Miguel O'Hara (Earth-Unknown),https://static.wikia.nocookie.net/intothespiderverse/images/f/f5/Miguel_O%27_Hara_%28Earth-Unknown%29.png/revision/latest/scale-to-width-down/350?cb=20230726191449,Мультфильмы
149,150,Человек-паук: Через вселенные,https://static.wikia.nocookie.net/intothespiderverse/images/2/22/Gwen-universe-with-talent_ver_1.png/revision/latest/scale-to-width-down/500?cb=20230527223604,Miles Morales (Earth-1610),https://static.wikia.nocookie.net/intothespiderverse/images/6/6c/Screenshot_2023-04-08_9.00.56_PM.png/revision/latest/scale-to-width-down/350?cb=20231003020958,Мультфильмы
150,151,Человек-паук: Через вселенные,https://static.wikia.nocookie.net/intothespiderverse/images/2/22/Gwen-universe-with-talent_ver_1.png/revision/latest/scale-to-width-down/500?cb=20230527223604,Miles Morales (Earth-42),https://static.wikia.nocookie.net/intothespiderverse/images/8/89/Miles_Morales_%28Earth-42%29_from_Spider-Man_Across_the_Spider-Verse_003.png/revision/latest/scale-to-width-down/350?cb=20230808174239,Мультфильмы
151,152,Человек-паук: Через вселенные,https://static.wikia.nocookie.net/intothespiderverse/images/2/22/Gwen-universe-with-talent_ver_1.png/revision/latest/scale-to-width-down/500?cb=20230527223604,Miles Warren,https://static.wikia.nocookie.net/intothespiderverse/images/8/86/Miles_Warren_%28Earth-Unknown%29.webp/revision/latest?cb=20230826213053,Мультфильмы
152,153,Человек-паук: Через вселенные,https://static.wikia.nocookie.net/intothespiderverse/images/2/22/Gwen-universe-with-talent_ver_1.png/revision/latest/scale-to-width-down/500?cb=20230527223604,Missterio,https://static.wikia.nocookie.net/intothespiderverse/images/9/9e/Missterio_%28Earth-Unknown%29.webp/revision/latest/scale-to-width-down/294?cb=20230826212851,Мультфильмы
153,154,Человек-паук: Через вселенные,https://static.wikia.nocookie.net/intothespiderverse/images/2/22/Gwen-universe-with-talent_ver_1.png/revision/latest/scale-to-width-down/500?cb=20230527223604,Mooseterio,https://static.wikia.nocookie.net/intothespiderverse/images/3/35/Mooseterio_%28Earth-8311%29.webp/revision/latest/scale-to-width-down/350?cb=20230901014935,Мультфильмы
154,155,Человек-паук: Через вселенные,https://static.wikia.nocookie.net/intothespiderverse/images/2/22/Gwen-universe-with-talent_ver_1.png/revision/latest/scale-to-width-down/500?cb=20230527223604,Mrs. Chen,https://static.wikia.nocookie.net/intothespiderverse/images/e/e2/2023-05-23_17-30-41.png/revision/latest/scale-to-width-down/350?cb=20230918231344,Мультфильмы
155,156,Человек-паук: Через вселенные,https://static.wikia.nocookie.net/intothespiderverse/images/2/22/Gwen-universe-with-talent_ver_1.png/revision/latest/scale-to-width-down/500?cb=20230527223604,Ned Leeds,https://static.wikia.nocookie.net/intothespiderverse/images/e/e3/F6I4manXYAALCN0.jpg/revision/latest/scale-to-width-down/350?cb=20230917194734,Мультфильмы
156,157,Человек-паук: Через вселенные,https://static.wikia.nocookie.net/intothespiderverse/images/2/22/Gwen-universe-with-talent_ver_1.png/revision/latest/scale-to-width-down/500?cb=20230527223604,Norman Osborn (Earth-1610),https://static.wikia.nocookie.net/intothespiderverse/images/f/f7/Green_Goblin_ISV.png/revision/latest/scale-to-width-down/350?cb=20200829145629,Мультфильмы
157,158,Человек-паук: Через вселенные,https://static.wikia.nocookie.net/intothespiderverse/images/2/22/Gwen-universe-with-talent_ver_1.png/revision/latest/scale-to-width-down/500?cb=20230527223604,Norman Osborn (Earth-616),https://static.wikia.nocookie.net/intothespiderverse/images/1/10/Screenshot_2023-04-06_4.04.12_PM.png/revision/latest/scale-to-width-down/350?cb=20230406232702,Мультфильмы
158,159,Человек-паук: Через вселенные,https://static.wikia.nocookie.net/intothespiderverse/images/2/22/Gwen-universe-with-talent_ver_1.png/revision/latest/scale-to-width-down/500?cb=20230527223604,Norman Osborn (Earth-Unknown),https://static.wikia.nocookie.net/intothespiderverse/images/b/bc/Norman_Osborn_%28Earth-Unknown%29.webp/revision/latest/scale-to-width-down/284?cb=20230831013612,Мультфильмы
159,160,Человек-паук: Через вселенные,https://static.wikia.nocookie.net/intothespiderverse/images/2/22/Gwen-universe-with-talent_ver_1.png/revision/latest/scale-to-width-down/500?cb=20230527223604,Nuclear Boarhead,https://static.wikia.nocookie.net/intothespiderverse/images/d/d3/Nuclear_Boarhead_%28E-8311%29_001.png/revision/latest/scale-to-width-down/350?cb=20210720044621,Мультфильмы
160,161,Человек-паук: Через вселенные,https://static.wikia.nocookie.net/intothespiderverse/images/2/22/Gwen-universe-with-talent_ver_1.png/revision/latest/scale-to-width-down/500?cb=20230527223604,Olivia Octavius,https://static.wikia.nocookie.net/intothespiderverse/images/d/dd/Screenshot_2023-04-11_6.12.23_PM.png/revision/latest/scale-to-width-down/350?cb=20230412011603,Мультфильмы
161,162,Человек-паук: Через вселенные,https://static.wikia.nocookie.net/intothespiderverse/images/2/22/Gwen-universe-with-talent_ver_1.png/revision/latest/scale-to-width-down/500?cb=20230527223604,Otto Octavius (Earth-13122),https://static.wikia.nocookie.net/intothespiderverse/images/3/34/Doc_Ock_%28Earth-13122%29.png/revision/latest?cb=20230819123256,Мультфильмы
162,163,Человек-паук: Через вселенные,https://static.wikia.nocookie.net/intothespiderverse/images/2/22/Gwen-universe-with-talent_ver_1.png/revision/latest/scale-to-width-down/500?cb=20230527223604,Otto Octavius (Earth-42),,Мультфильмы
163,164,Человек-паук: Через вселенные,https://static.wikia.nocookie.net/intothespiderverse/images/2/22/Gwen-universe-with-talent_ver_1.png/revision/latest/scale-to-width-down/500?cb=20230527223604,Otto Octavius (Earth-616),https://static.wikia.nocookie.net/intothespiderverse/images/4/43/Otto_Octavius_%28Earth-616%29_001.png/revision/latest/scale-to-width-down/350?cb=20210611054312,Мультфильмы
164,165,Человек-паук: Через вселенные,https://static.wikia.nocookie.net/intothespiderverse/images/2/22/Gwen-universe-with-talent_ver_1.png/revision/latest/scale-to-width-down/500?cb=20230527223604,Otto Octavius (Earth-65),https://static.wikia.nocookie.net/intothespiderverse/images/5/5b/Otto_Octavius_%28Earth-65%29_001.png/revision/latest/scale-to-width-down/350?cb=20210611021708,Мультфильмы
165,166,Человек-паук: Через вселенные,https://static.wikia.nocookie.net/intothespiderverse/images/2/22/Gwen-universe-with-talent_ver_1.png/revision/latest/scale-to-width-down/500?cb=20230527223604,Otto Octavius (Superior Spider-Man),https://static.wikia.nocookie.net/intothespiderverse/images/f/f1/Superior_Spider-Man_ATSV.png/revision/latest/scale-to-width-down/350?cb=20230809190124,Мультфильмы
166,167,Человек-паук: Через вселенные,https://static.wikia.nocookie.net/intothespiderverse/images/2/22/Gwen-universe-with-talent_ver_1.png/revision/latest/scale-to-width-down/500?cb=20230527223604,Otto Octavius 1 (Earth-Unknown),https://static.wikia.nocookie.net/intothespiderverse/images/f/f0/Otto_Octavius_%28Earth-Unknown%29.webp/revision/latest?cb=20230826213326,Мультфильмы
167,168,Человек-паук: Через вселенные,https://static.wikia.nocookie.net/intothespiderverse/images/2/22/Gwen-universe-with-talent_ver_1.png/revision/latest/scale-to-width-down/500?cb=20230527223604,Otto Octavius 2 (Earth-Unknown),https://static.wikia.nocookie.net/intothespiderverse/images/6/67/Otto_Octavius_2_%28Earth-Unknown%29.webp/revision/latest/scale-to-width-down/350?cb=20230826213350,Мультфильмы
168,169,Человек-паук: Через вселенные,https://static.wikia.nocookie.net/intothespiderverse/images/2/22/Gwen-universe-with-talent_ver_1.png/revision/latest/scale-to-width-down/500?cb=20230527223604,Otto Octavius 3 (Earth-Unknown),https://static.wikia.nocookie.net/intothespiderverse/images/6/66/Otto_Octavius_3_%28Earth-Unknown%29.webp/revision/latest/scale-to-width-down/350?cb=20230826213419,Мультфильмы
169,170,Человек-паук: Через вселенные,https://static.wikia.nocookie.net/intothespiderverse/images/2/22/Gwen-universe-with-talent_ver_1.png/revision/latest/scale-to-width-down/500?cb=20230527223604,Otto Octavius 4 (Earth-Unknown),https://static.wikia.nocookie.net/intothespiderverse/images/d/dc/Otto_Octavius_4_%28Earth-Unknown%29.png/revision/latest?cb=20230905074023,Мультфильмы
170,171,Человек-паук: Через вселенные,https://static.wikia.nocookie.net/intothespiderverse/images/2/22/Gwen-universe-with-talent_ver_1.png/revision/latest/scale-to-width-down/500?cb=20230527223604,Otto Octavius 5 (Earth-Unknown),https://static.wikia.nocookie.net/intothespiderverse/images/3/3b/Otto_Octavius_5_%28Earth-Unknown%29.png/revision/latest?cb=20230905074158,Мультфильмы
171,172,Человек-паук: Через вселенные,https://static.wikia.nocookie.net/intothespiderverse/images/2/22/Gwen-universe-with-talent_ver_1.png/revision/latest/scale-to-width-down/500?cb=20230527223604,Otto Octavius 6 (Earth-Unknown),https://static.wikia.nocookie.net/intothespiderverse/images/6/6a/Otto_Octavius_6_%28Earth-Unknown%29.png/revision/latest?cb=20230905073431,Мультфильмы
172,173,Человек-паук: Через вселенные,https://static.wikia.nocookie.net/intothespiderverse/images/2/22/Gwen-universe-with-talent_ver_1.png/revision/latest/scale-to-width-down/500?cb=20230527223604,Patrick O'Hara,https://static.wikia.nocookie.net/intothespiderverse/images/b/bc/Web-Slinger_ATSV.webp/revision/latest/scale-to-width-down/350?cb=20230604121245,Мультфильмы
173,174,Человек-паук: Через вселенные,https://static.wikia.nocookie.net/intothespiderverse/images/2/22/Gwen-universe-with-talent_ver_1.png/revision/latest/scale-to-width-down/500?cb=20230527223604,Pavitr Prabhakar,https://static.wikia.nocookie.net/intothespiderverse/images/2/2c/Pavitr_Prabhakar_HD.png/revision/latest/scale-to-width-down/350?cb=20230724001751,Мультфильмы
174,175,Человек-паук: Через вселенные,https://static.wikia.nocookie.net/intothespiderverse/images/2/22/Gwen-universe-with-talent_ver_1.png/revision/latest/scale-to-width-down/500?cb=20230527223604,Peni Parker,https://static.wikia.nocookie.net/intothespiderverse/images/5/5f/Older%2C_dejected_Peni.png/revision/latest/scale-to-width-down/350?cb=20230808011929,Мультфильмы
175,176,Человек-паук: Через вселенные,https://static.wikia.nocookie.net/intothespiderverse/images/2/22/Gwen-universe-with-talent_ver_1.png/revision/latest/scale-to-width-down/500?cb=20230527223604,Peter Parkedcar,https://static.wikia.nocookie.net/intothespiderverse/images/b/b0/Peter_Parkedcar_ATSV.png/revision/latest/scale-to-width-down/350?cb=20230626150916,Мультфильмы
176,177,Человек-паук: Через вселенные,https://static.wikia.nocookie.net/intothespiderverse/images/2/22/Gwen-universe-with-talent_ver_1.png/revision/latest/scale-to-width-down/500?cb=20230527223604,Peter Parker (Alternate 2002),https://static.wikia.nocookie.net/intothespiderverse/images/6/63/Alexrossspidey.png/revision/latest/scale-to-width-down/350?cb=20230808100305,Мультфильмы
177,178,Человек-паук: Через вселенные,https://static.wikia.nocookie.net/intothespiderverse/images/2/22/Gwen-universe-with-talent_ver_1.png/revision/latest/scale-to-width-down/500?cb=20230527223604,Peter Parker (Alternate Assassin),https://static.wikia.nocookie.net/intothespiderverse/images/a/aa/Assassin_Spider-Man_%28Earth-Unknown%29.webp/revision/latest?cb=20230816004208,Мультфильмы
178,179,Человек-паук: Через вселенные,https://static.wikia.nocookie.net/intothespiderverse/images/2/22/Gwen-universe-with-talent_ver_1.png/revision/latest/scale-to-width-down/500?cb=20230527223604,Peter Parker (Always Unlimited),https://static.wikia.nocookie.net/intothespiderverse/images/c/c3/FxFLd_wWcAgFe4A.jpg/revision/latest/scale-to-width-down/340?cb=20230714013723,Мультфильмы
179,180,Человек-паук: Через вселенные,https://static.wikia.nocookie.net/intothespiderverse/images/2/22/Gwen-universe-with-talent_ver_1.png/revision/latest/scale-to-width-down/500?cb=20230527223604,Peter Parker (Earth-1048),https://static.wikia.nocookie.net/intothespiderverse/images/2/26/Imsoniac_Spider-Man.png/revision/latest/scale-to-width-down/350?cb=20230814012839,Мультфильмы
180,181,Человек-паук: Через вселенные,https://static.wikia.nocookie.net/intothespiderverse/images/2/22/Gwen-universe-with-talent_ver_1.png/revision/latest/scale-to-width-down/500?cb=20230527223604,Peter Parker (Earth-12041),https://static.wikia.nocookie.net/intothespiderverse/images/5/54/Peter_Parker_%28Earth-12041%29_from_Spider-Man_Across_the_Spider-Verse.png/revision/latest?cb=20230819162611,Мультфильмы
181,182,Человек-паук: Через вселенные,https://static.wikia.nocookie.net/intothespiderverse/images/2/22/Gwen-universe-with-talent_ver_1.png/revision/latest/scale-to-width-down/500?cb=20230527223604,Peter Parker (Earth-13122),https://static.wikia.nocookie.net/intothespiderverse/images/8/86/Peter_Parker_%28Earth-13122%29_from_Spider-Man_Across_the_Spider-Verse_001.png/revision/latest/scale-to-width-down/350?cb=20230923111536,Мультфильмы
182,183,Человек-паук: Через вселенные,https://static.wikia.nocookie.net/intothespiderverse/images/2/22/Gwen-universe-with-talent_ver_1.png/revision/latest/scale-to-width-down/500?cb=20230527223604,Peter Parker (Earth-1610),https://static.wikia.nocookie.net/intothespiderverse/images/8/81/Screenshot_%28184%29.png/revision/latest/scale-to-width-down/350?cb=20230524064711,Мультфильмы
183,184,Человек-паук: Через вселенные,https://static.wikia.nocookie.net/intothespiderverse/images/2/22/Gwen-universe-with-talent_ver_1.png/revision/latest/scale-to-width-down/500?cb=20230527223604,Peter Parker (Earth-18119),https://static.wikia.nocookie.net/intothespiderverse/images/2/26/Renewyourvowsspidey.png/revision/latest/scale-to-width-down/350?cb=20230808095250,Мультфильмы
184,185,Человек-паук: Через вселенные,https://static.wikia.nocookie.net/intothespiderverse/images/2/22/Gwen-universe-with-talent_ver_1.png/revision/latest/scale-to-width-down/500?cb=20230527223604,Peter Parker (Earth-20824),https://static.wikia.nocookie.net/intothespiderverse/images/0/07/PS1_Spider-Man.png/revision/latest/scale-to-width-down/339?cb=20230819034718,Мультфильмы
185,186,Человек-паук: Через вселенные,https://static.wikia.nocookie.net/intothespiderverse/images/2/22/Gwen-universe-with-talent_ver_1.png/revision/latest/scale-to-width-down/500?cb=20230527223604,Peter Parker (Earth-2301),https://static.wikia.nocookie.net/intothespiderverse/images/d/dc/Peter_Parker_%28Earth-2301%29_Across_Spider-Verse_poster_001.png.jpg/revision/latest?cb=20230427185818,Мультфильмы
186,187,Человек-паук: Через вселенные,https://static.wikia.nocookie.net/intothespiderverse/images/2/22/Gwen-universe-with-talent_ver_1.png/revision/latest/scale-to-width-down/500?cb=20230527223604,Peter Parker (Earth-26496),https://static.wikia.nocookie.net/intothespiderverse/images/2/27/Peter_Parker_%28Earth-26496%29_from_Spider-Man_Across_the_Spider-Verse_003.png/revision/latest/scale-to-width-down/350?cb=20230808153500,Мультфильмы
187,188,Человек-паук: Через вселенные,https://static.wikia.nocookie.net/intothespiderverse/images/2/22/Gwen-universe-with-talent_ver_1.png/revision/latest/scale-to-width-down/500?cb=20230527223604,Peter Parker (Earth-312500),https://static.wikia.nocookie.net/intothespiderverse/images/a/a4/Eziekiel_Sims.jpg/revision/latest/scale-to-width-down/326?cb=20230714021929,Мультфильмы
188,189,Человек-паук: Через вселенные,https://static.wikia.nocookie.net/intothespiderverse/images/2/22/Gwen-universe-with-talent_ver_1.png/revision/latest/scale-to-width-down/500?cb=20230527223604,Peter Parker (Earth-5113),https://static.wikia.nocookie.net/intothespiderverse/images/f/ff/Dormammuversespidey.jpg/revision/latest/scale-to-width-down/350?cb=20230725054409,Мультфильмы
189,190,Человек-паук: Через вселенные,https://static.wikia.nocookie.net/intothespiderverse/images/2/22/Gwen-universe-with-talent_ver_1.png/revision/latest/scale-to-width-down/500?cb=20230527223604,Peter Parker (Earth-616),https://static.wikia.nocookie.net/intothespiderverse/images/4/41/Peterbparkeratsv.jpg/revision/latest/scale-to-width-down/350?cb=20230918230747,Мультфильмы
190,191,Человек-паук: Через вселенные,https://static.wikia.nocookie.net/intothespiderverse/images/2/22/Gwen-universe-with-talent_ver_1.png/revision/latest/scale-to-width-down/500?cb=20230527223604,Peter Parker (Earth-616A),https://static.wikia.nocookie.net/intothespiderverse/images/c/ca/Peter_Parker_%28Earth-616A%29_from_Spider-Man_Across_the_Spider-Verse.png/revision/latest/scale-to-width-down/350?cb=20230614021815,Мультфильмы
191,192,Человек-паук: Через вселенные,https://static.wikia.nocookie.net/intothespiderverse/images/2/22/Gwen-universe-with-talent_ver_1.png/revision/latest/scale-to-width-down/500?cb=20230527223604,Peter Parker (Earth-65),https://static.wikia.nocookie.net/intothespiderverse/images/b/b5/Peter_Parker_%28E-65%29_from_Spider-Man_Across_The_Spider-Verse.png/revision/latest/scale-to-width-down/350?cb=20230807165446,Мультфильмы
192,193,Человек-паук: Через вселенные,https://static.wikia.nocookie.net/intothespiderverse/images/2/22/Gwen-universe-with-talent_ver_1.png/revision/latest/scale-to-width-down/500?cb=20230527223604,Peter Parker (Earth-67),https://static.wikia.nocookie.net/intothespiderverse/images/e/ed/Screenshot_2023-04-25_2.40.25_PM.png/revision/latest/scale-to-width-down/350?cb=20230425214127,Мультфильмы
193,194,Человек-паук: Через вселенные,https://static.wikia.nocookie.net/intothespiderverse/images/2/22/Gwen-universe-with-talent_ver_1.png/revision/latest/scale-to-width-down/500?cb=20230527223604,Peter Parker (Earth-7085),https://static.wikia.nocookie.net/intothespiderverse/images/5/57/Spider-Wolf_ATSV.png/revision/latest/scale-to-width-down/350?cb=20230702175035,Мультфильмы
194,195,Человек-паук: Через вселенные,https://static.wikia.nocookie.net/intothespiderverse/images/2/22/Gwen-universe-with-talent_ver_1.png/revision/latest/scale-to-width-down/500?cb=20230527223604,Peter Parker (Earth-751263),https://static.wikia.nocookie.net/intothespiderverse/images/5/5e/Peter_Parker_Earth-751263_Across_Spider-Verse_poster_001.png/revision/latest/scale-to-width-down/350?cb=20230427131723,Мультфильмы
195,196,Человек-паук: Через вселенные,https://static.wikia.nocookie.net/intothespiderverse/images/2/22/Gwen-universe-with-talent_ver_1.png/revision/latest/scale-to-width-down/500?cb=20230527223604,Peter Parker (Earth-77013),https://static.wikia.nocookie.net/intothespiderverse/images/5/56/Newspaperspidey.jpg/revision/latest/scale-to-width-down/231?cb=20230813064418,Мультфильмы
196,197,Человек-паук: Через вселенные,https://static.wikia.nocookie.net/intothespiderverse/images/2/22/Gwen-universe-with-talent_ver_1.png/revision/latest/scale-to-width-down/500?cb=20230527223604,Peter Parker (Earth-8101),https://static.wikia.nocookie.net/intothespiderverse/images/8/80/Peter_Parker_%28Earth-8101%29_from_Spider-Man_Across_the_Spider-Verse.jpg/revision/latest/scale-to-width-down/350?cb=20230806033938,Мультфильмы
197,198,Человек-паук: Через вселенные,https://static.wikia.nocookie.net/intothespiderverse/images/2/22/Gwen-universe-with-talent_ver_1.png/revision/latest/scale-to-width-down/500?cb=20230527223604,Peter Parker (Earth-90214),https://static.wikia.nocookie.net/intothespiderverse/images/1/10/SPDRMN-ITSV-Noir-Peter-Parkerl.jpg/revision/latest/scale-to-width-down/350?cb=20230627205345,Мультфильмы
198,199,Человек-паук: Через вселенные,https://static.wikia.nocookie.net/intothespiderverse/images/2/22/Gwen-universe-with-talent_ver_1.png/revision/latest/scale-to-width-down/500?cb=20230527223604,Peter Parker (Earth-94),,Мультфильмы
199,200,Человек-паук: Через вселенные,https://static.wikia.nocookie.net/intothespiderverse/images/2/22/Gwen-universe-with-talent_ver_1.png/revision/latest/scale-to-width-down/500?cb=20230527223604,Peter Parker (Earth-9997),https://static.wikia.nocookie.net/intothespiderverse/images/5/5a/Spider-Man_Earth_X_ATSV.png/revision/latest/scale-to-width-down/350?cb=20230702180807,Мультфильмы
200,201,Человек-паук: Через вселенные,https://static.wikia.nocookie.net/intothespiderverse/images/2/22/Gwen-universe-with-talent_ver_1.png/revision/latest/scale-to-width-down/500?cb=20230527223604,Peter Parker (MK I Armor),https://static.wikia.nocookie.net/intothespiderverse/images/e/ed/Spiderarmormark1.jpg/revision/latest?cb=20230808092959,Мультфильмы
201,202,Человек-паук: Через вселенные,https://static.wikia.nocookie.net/intothespiderverse/images/2/22/Gwen-universe-with-talent_ver_1.png/revision/latest/scale-to-width-down/500?cb=20230527223604,Peter Parker (MK III Armor),https://static.wikia.nocookie.net/intothespiderverse/images/0/0b/MK_lll_Armor_Spider-Man.png/revision/latest/scale-to-width-down/309?cb=20230718205851,Мультфильмы
202,203,Человек-паук: Через вселенные,https://static.wikia.nocookie.net/intothespiderverse/images/2/22/Gwen-universe-with-talent_ver_1.png/revision/latest/scale-to-width-down/500?cb=20230527223604,Peter Parker (Video Game-120703),https://static.wikia.nocookie.net/intothespiderverse/images/1/10/TASM2GameSpideyATSV.jpg/revision/latest?cb=20230726052912,Мультфильмы
203,204,Человек-паук: Через вселенные,https://static.wikia.nocookie.net/intothespiderverse/images/2/22/Gwen-universe-with-talent_ver_1.png/revision/latest/scale-to-width-down/500?cb=20230527223604,Peter Porker,https://static.wikia.nocookie.net/intothespiderverse/images/c/c2/Spider-Ham_1.png/revision/latest/scale-to-width-down/350?cb=20230510183249,Мультфильмы
204,205,Человек-паук: Через вселенные,https://static.wikia.nocookie.net/intothespiderverse/images/2/22/Gwen-universe-with-talent_ver_1.png/revision/latest/scale-to-width-down/500?cb=20230527223604,Phil Lord (Earth-13122),https://static.wikia.nocookie.net/intothespiderverse/images/4/47/Phil_Lord_%28Earth-13122%29.png/revision/latest?cb=20230911191828,Мультфильмы
205,206,Человек-паук: Через вселенные,https://static.wikia.nocookie.net/intothespiderverse/images/2/22/Gwen-universe-with-talent_ver_1.png/revision/latest/scale-to-width-down/500?cb=20230527223604,Pirate Otto Octavius,https://static.wikia.nocookie.net/intothespiderverse/images/0/09/Pirate_Otto_Octavius_from_Across_The_Spider-Verse.png/revision/latest/scale-to-width-down/350?cb=20230807204300,Мультфильмы
206,207,Человек-паук: Через вселенные,https://static.wikia.nocookie.net/intothespiderverse/images/2/22/Gwen-universe-with-talent_ver_1.png/revision/latest/scale-to-width-down/500?cb=20230527223604,Popsicle Spider-Man,https://static.wikia.nocookie.net/intothespiderverse/images/2/25/Popcicle_Spider-Man.png/revision/latest/scale-to-width-down/274?cb=20230820170753,Мультфильмы
207,208,Человек-паук: Через вселенные,https://static.wikia.nocookie.net/intothespiderverse/images/2/22/Gwen-universe-with-talent_ver_1.png/revision/latest/scale-to-width-down/500?cb=20230527223604,Preston Mutanga (Earth-13122),https://static.wikia.nocookie.net/intothespiderverse/images/6/68/Preston_Mutanga_%28Earth-13122%29.png/revision/latest?cb=20230910141022,Мультфильмы
208,209,Человек-паук: Через вселенные,https://static.wikia.nocookie.net/intothespiderverse/images/2/22/Gwen-universe-with-talent_ver_1.png/revision/latest/scale-to-width-down/500?cb=20230527223604,Pter Ptarker (Earth-66),https://static.wikia.nocookie.net/intothespiderverse/images/f/fe/Spider-Rex_ATSV.webp/revision/latest/scale-to-width-down/350?cb=20230607192803,Мультфильмы
209,210,Человек-паук: Через вселенные,https://static.wikia.nocookie.net/intothespiderverse/images/2/22/Gwen-universe-with-talent_ver_1.png/revision/latest/scale-to-width-down/500?cb=20230527223604,Regular Grizzly Bear,https://static.wikia.nocookie.net/intothespiderverse/images/8/84/Grizzly_Bear.png/revision/latest/scale-to-width-down/350?cb=20230906150859,Мультфильмы
210,211,Человек-паук: Через вселенные,https://static.wikia.nocookie.net/intothespiderverse/images/2/22/Gwen-universe-with-talent_ver_1.png/revision/latest/scale-to-width-down/500?cb=20230527223604,Ben Reilly,https://static.wikia.nocookie.net/intothespiderverse/images/e/e5/Ben_Reilly_02.png/revision/latest/scale-to-width-down/349?cb=20230903053106,Мультфильмы
211,212,Человек-паук: Через вселенные,https://static.wikia.nocookie.net/intothespiderverse/images/2/22/Gwen-universe-with-talent_ver_1.png/revision/latest/scale-to-width-down/500?cb=20230527223604,Kaine Parker,https://static.wikia.nocookie.net/intothespiderverse/images/5/5b/PossiblyKaneParker.jpg/revision/latest/scale-to-width-down/350?cb=20230728215130,Мультфильмы
212,213,Человек-паук: Через вселенные,https://static.wikia.nocookie.net/intothespiderverse/images/2/22/Gwen-universe-with-talent_ver_1.png/revision/latest/scale-to-width-down/500?cb=20230527223604,Renegator,https://static.wikia.nocookie.net/intothespiderverse/images/d/d0/Renegator_%28E-8311%29_001.png/revision/latest/scale-to-width-down/350?cb=20210720044627,Мультфильмы
213,214,Человек-паук: Через вселенные,https://static.wikia.nocookie.net/intothespiderverse/images/2/22/Gwen-universe-with-talent_ver_1.png/revision/latest/scale-to-width-down/500?cb=20230527223604,Richard Fisk,https://static.wikia.nocookie.net/intothespiderverse/images/5/52/Richard_Fisk_%28E-1610%29_001.png/revision/latest/scale-to-width-down/350?cb=20210705155953,Мультфильмы
214,215,Человек-паук: Через вселенные,https://static.wikia.nocookie.net/intothespiderverse/images/2/22/Gwen-universe-with-talent_ver_1.png/revision/latest/scale-to-width-down/500?cb=20230527223604,Rio Morales (Earth-1610),https://static.wikia.nocookie.net/intothespiderverse/images/b/b4/Riomoraless.jpg/revision/latest/scale-to-width-down/350?cb=20230918222739,Мультфильмы
215,216,Человек-паук: Через вселенные,https://static.wikia.nocookie.net/intothespiderverse/images/2/22/Gwen-universe-with-talent_ver_1.png/revision/latest/scale-to-width-down/500?cb=20230527223604,Rio Morales (Earth-42),https://static.wikia.nocookie.net/intothespiderverse/images/4/46/Rio_Morales_%28Earth-42%29_from_Spider-Man_Across_the_Spider-Verse_002.png/revision/latest/scale-to-width-down/350?cb=20230818212733,Мультфильмы
216,217,Человек-паук: Через вселенные,https://static.wikia.nocookie.net/intothespiderverse/images/2/22/Gwen-universe-with-talent_ver_1.png/revision/latest/scale-to-width-down/500?cb=20230527223604,Robbie Robertson,,Мультфильмы
217,218,Человек-паук: Через вселенные,https://static.wikia.nocookie.net/intothespiderverse/images/2/22/Gwen-universe-with-talent_ver_1.png/revision/latest/scale-to-width-down/500?cb=20230527223604,Roderick Kingsley (Earth-Unknown),https://static.wikia.nocookie.net/intothespiderverse/images/1/1a/Roderick_Kingsley_%28Earth-Unknown%29.png/revision/latest?cb=20230928131223,Мультфильмы
218,219,Человек-паук: Через вселенные,https://static.wikia.nocookie.net/intothespiderverse/images/2/22/Gwen-universe-with-talent_ver_1.png/revision/latest/scale-to-width-down/500?cb=20230527223604,Rose,https://static.wikia.nocookie.net/intothespiderverse/images/a/a6/Rose_%28Earth-1610%29_from_Spider-Man_Into_the_Spider-Verse.png/revision/latest/scale-to-width-down/350?cb=20230526193826,Мультфильмы
219,220,Человек-паук: Через вселенные,https://static.wikia.nocookie.net/intothespiderverse/images/2/22/Gwen-universe-with-talent_ver_1.png/revision/latest/scale-to-width-down/500?cb=20230527223604,Samurai Spider-Man,https://static.wikia.nocookie.net/intothespiderverse/images/5/5e/Spider-Samurai.jpg/revision/latest?cb=20230813133441,Мультфильмы
220,221,Человек-паук: Через вселенные,https://static.wikia.nocookie.net/intothespiderverse/images/2/22/Gwen-universe-with-talent_ver_1.png/revision/latest/scale-to-width-down/500?cb=20230527223604,Screwball,https://static.wikia.nocookie.net/intothespiderverse/images/8/8b/Screwball_%28Earth-Unknown%29.webp/revision/latest/scale-to-width-down/221?cb=20230826212251,Мультфильмы
221,222,Человек-паук: Через вселенные,https://static.wikia.nocookie.net/intothespiderverse/images/2/22/Gwen-universe-with-talent_ver_1.png/revision/latest/scale-to-width-down/500?cb=20230527223604,Sergei Kravinoff (Earth-42),https://static.wikia.nocookie.net/intothespiderverse/images/1/15/Kraven_%28Earth-42%29.png/revision/latest/scale-to-width-down/318?cb=20230820125144,Мультфильмы
222,223,Человек-паук: Через вселенные,https://static.wikia.nocookie.net/intothespiderverse/images/2/22/Gwen-universe-with-talent_ver_1.png/revision/latest/scale-to-width-down/500?cb=20230527223604,Sergei Kravinoff 1 (Earth-Unknown),https://static.wikia.nocookie.net/intothespiderverse/images/1/13/Kraven_the_Hunter_2_%28Earth-Unknown%29.png/revision/latest/scale-to-width-down/350?cb=20230805180114,Мультфильмы
223,224,Человек-паук: Через вселенные,https://static.wikia.nocookie.net/intothespiderverse/images/2/22/Gwen-universe-with-talent_ver_1.png/revision/latest/scale-to-width-down/500?cb=20230527223604,Sergei Kravinoff 2 (Earth-Unknown),https://static.wikia.nocookie.net/intothespiderverse/images/a/ad/Kraven_the_Hunter_3_%28Earth-Unknown%29.png/revision/latest/scale-to-width-down/189?cb=20230829194601,Мультфильмы
224,225,Человек-паук: Через вселенные,https://static.wikia.nocookie.net/intothespiderverse/images/2/22/Gwen-universe-with-talent_ver_1.png/revision/latest/scale-to-width-down/500?cb=20230527223604,Silvio Manfredi (Earth-42),,Мультфильмы
225,226,Человек-паук: Через вселенные,https://static.wikia.nocookie.net/intothespiderverse/images/2/22/Gwen-universe-with-talent_ver_1.png/revision/latest/scale-to-width-down/500?cb=20230527223604,Smiling Kid,https://static.wikia.nocookie.net/intothespiderverse/images/d/d1/Smiling_Kid.jpg/revision/latest/scale-to-width-down/309?cb=20230531082614,Мультфильмы
226,227,Человек-паук: Через вселенные,https://static.wikia.nocookie.net/intothespiderverse/images/2/22/Gwen-universe-with-talent_ver_1.png/revision/latest/scale-to-width-down/500?cb=20230527223604,SP//dr,,Мультфильмы
227,228,Человек-паук: Через вселенные,https://static.wikia.nocookie.net/intothespiderverse/images/2/22/Gwen-universe-with-talent_ver_1.png/revision/latest/scale-to-width-down/500?cb=20230527223604,SP//dr robot,https://static.wikia.nocookie.net/intothespiderverse/images/c/c2/Peni_calls_out_to_Miles.png/revision/latest/scale-to-width-down/350?cb=20230808012123,Мультфильмы
228,229,Человек-паук: Через вселенные,https://static.wikia.nocookie.net/intothespiderverse/images/2/22/Gwen-universe-with-talent_ver_1.png/revision/latest/scale-to-width-down/500?cb=20230527223604,Spencer Watson,,Мультфильмы
229,230,Человек-паук: Через вселенные,https://static.wikia.nocookie.net/intothespiderverse/images/2/22/Gwen-universe-with-talent_ver_1.png/revision/latest/scale-to-width-down/500?cb=20230527223604,Spider-Canada,https://static.wikia.nocookie.net/intothespiderverse/images/7/7e/Spider-Canada.png/revision/latest/scale-to-width-down/350?cb=20230612024731,Мультфильмы
230,231,Человек-паук: Через вселенные,https://static.wikia.nocookie.net/intothespiderverse/images/2/22/Gwen-universe-with-talent_ver_1.png/revision/latest/scale-to-width-down/500?cb=20230527223604,Spider-Cat,https://static.wikia.nocookie.net/intothespiderverse/images/f/ff/Spider-Cat_From_Spider-Man_Across_the_Spider-Verse_Character_Poster.jpg/revision/latest/scale-to-width-down/350?cb=20230522001412,Мультфильмы
231,232,Человек-паук: Через вселенные,https://static.wikia.nocookie.net/intothespiderverse/images/2/22/Gwen-universe-with-talent_ver_1.png/revision/latest/scale-to-width-down/500?cb=20230527223604,Spider-Knight,https://static.wikia.nocookie.net/intothespiderverse/images/4/44/Spyder-Knight_%28Earth-Unknown%29.webp/revision/latest/scale-to-width-down/350?cb=20230816003905,Мультфильмы
232,233,Человек-паук: Через вселенные,https://static.wikia.nocookie.net/intothespiderverse/images/2/22/Gwen-universe-with-talent_ver_1.png/revision/latest/scale-to-width-down/500?cb=20230527223604,Spider-Man (E-Unknown),https://static.wikia.nocookie.net/intothespiderverse/images/f/fc/Bruce_Banner_%28Earth-Unknown%29.webp/revision/latest?cb=20230808184358,Мультфильмы
233,234,Человек-паук: Через вселенные,https://static.wikia.nocookie.net/intothespiderverse/images/2/22/Gwen-universe-with-talent_ver_1.png/revision/latest/scale-to-width-down/500?cb=20230527223604,Spider-Man (Unknown),https://static.wikia.nocookie.net/intothespiderverse/images/0/03/Newspaper_Spider-Man_ATSV.png/revision/latest?cb=20230702195323,Мультфильмы
234,235,Человек-паук: Через вселенные,https://static.wikia.nocookie.net/intothespiderverse/images/2/22/Gwen-universe-with-talent_ver_1.png/revision/latest/scale-to-width-down/500?cb=20230527223604,Category:Spider-People,,Мультфильмы
235,236,Человек-паук: Через вселенные,https://static.wikia.nocookie.net/intothespiderverse/images/2/22/Gwen-universe-with-talent_ver_1.png/revision/latest/scale-to-width-down/500?cb=20230527223604,Spider-Plushie,https://static.wikia.nocookie.net/intothespiderverse/images/d/d4/Spider-Plushie.png/revision/latest?cb=20230825043118,Мультфильмы
236,237,Человек-паук: Через вселенные,https://static.wikia.nocookie.net/intothespiderverse/images/2/22/Gwen-universe-with-talent_ver_1.png/revision/latest/scale-to-width-down/500?cb=20230527223604,Spider-Slayer (Earth-1610),https://static.wikia.nocookie.net/intothespiderverse/images/1/11/Spider_Slayer_%28Earth-1610%29.png/revision/latest/scale-to-width-down/350?cb=20230721130343,Мультфильмы
237,238,Человек-паук: Через вселенные,https://static.wikia.nocookie.net/intothespiderverse/images/2/22/Gwen-universe-with-talent_ver_1.png/revision/latest/scale-to-width-down/500?cb=20230527223604,Spider-Slayer (Earth-Unknown),https://static.wikia.nocookie.net/intothespiderverse/images/e/e3/Spider-Slayer_2_%28Earth-Unknown%29.webp/revision/latest/scale-to-width-down/350?cb=20230826212819,Мультфильмы
238,239,Человек-паук: Через вселенные,https://static.wikia.nocookie.net/intothespiderverse/images/2/22/Gwen-universe-with-talent_ver_1.png/revision/latest/scale-to-width-down/500?cb=20230527223604,Spider-Woman (MK II Armor),https://static.wikia.nocookie.net/intothespiderverse/images/9/99/Spider-Armor_2_%28Earth-Unknown%29_from_Spider-Man_Across_the_Spider-Verse.webp/revision/latest?cb=20230816003815,Мультфильмы
239,240,Человек-паук: Через вселенные,https://static.wikia.nocookie.net/intothespiderverse/images/2/22/Gwen-universe-with-talent_ver_1.png/revision/latest/scale-to-width-down/500?cb=20230527223604,Spider-Woman (Thick),https://static.wikia.nocookie.net/intothespiderverse/images/2/25/Kris_Anka%27s_Spider-Woman.png/revision/latest/scale-to-width-down/200?cb=20230714180810,Мультфильмы
240,241,Человек-паук: Через вселенные,https://static.wikia.nocookie.net/intothespiderverse/images/2/22/Gwen-universe-with-talent_ver_1.png/revision/latest/scale-to-width-down/500?cb=20230527223604,Spidercide (Earth-616A),https://static.wikia.nocookie.net/intothespiderverse/images/c/cb/Spidercide.jpg/revision/latest?cb=20230714014016,Мультфильмы
241,242,Человек-паук: Через вселенные,https://static.wikia.nocookie.net/intothespiderverse/images/2/22/Gwen-universe-with-talent_ver_1.png/revision/latest/scale-to-width-down/500?cb=20230527223604,Gwen Stacy (Earth-65),https://static.wikia.nocookie.net/intothespiderverse/images/0/02/Gwen_Stacy_%28Earth-65%29_from_Spider-Man_Across_the_Spider-Verse_004.png/revision/latest/scale-to-width-down/350?cb=20230818034627,Мультфильмы
242,243,Человек-паук: Через вселенные,https://static.wikia.nocookie.net/intothespiderverse/images/2/22/Gwen-universe-with-talent_ver_1.png/revision/latest/scale-to-width-down/500?cb=20230527223604,Stan Lee,https://static.wikia.nocookie.net/intothespiderverse/images/5/50/Stan_ISV.jpg/revision/latest/scale-to-width-down/350?cb=20200831004502,Мультфильмы
243,244,Человек-паук: Через вселенные,https://static.wikia.nocookie.net/intothespiderverse/images/2/22/Gwen-universe-with-talent_ver_1.png/revision/latest/scale-to-width-down/500?cb=20230527223604,Steven Hudak,https://static.wikia.nocookie.net/intothespiderverse/images/9/9c/Steven_Hudak_%28Earth-Unknown%29.webp/revision/latest/scale-to-width-down/350?cb=20230907232345,Мультфильмы
244,245,Человек-паук: Через вселенные,https://static.wikia.nocookie.net/intothespiderverse/images/2/22/Gwen-universe-with-talent_ver_1.png/revision/latest/scale-to-width-down/500?cb=20230527223604,Swiss Miss,https://static.wikia.nocookie.net/intothespiderverse/images/1/17/Swiss_Miss_ATSV.png/revision/latest?cb=20230813051941,Мультфильмы
245,246,Человек-паук: Через вселенные,https://static.wikia.nocookie.net/intothespiderverse/images/2/22/Gwen-universe-with-talent_ver_1.png/revision/latest/scale-to-width-down/500?cb=20230527223604,Takuya Yamashiro,https://static.wikia.nocookie.net/intothespiderverse/images/e/e1/Takuya_Yamashiro_1.jpg/revision/latest/scale-to-width-down/350?cb=20230722203558,Мультфильмы
246,247,Человек-паук: Через вселенные,https://static.wikia.nocookie.net/intothespiderverse/images/2/22/Gwen-universe-with-talent_ver_1.png/revision/latest/scale-to-width-down/500?cb=20230527223604,Tarantula (Earth-1610A),https://static.wikia.nocookie.net/intothespiderverse/images/8/80/Tarantula_%28Earth-1610A%29_from_Spider-Man_Across_the_Spider-Verse.jpg/revision/latest?cb=20230607064423,Мультфильмы
247,248,Человек-паук: Через вселенные,https://static.wikia.nocookie.net/intothespiderverse/images/2/22/Gwen-universe-with-talent_ver_1.png/revision/latest/scale-to-width-down/500?cb=20230527223604,Technological Otto Octavius,https://static.wikia.nocookie.net/intothespiderverse/images/f/f4/Tecnological_Otto_Octavius_ATSV.png/revision/latest/scale-to-width-down/350?cb=20230814110950,Мультфильмы
248,249,Человек-паук: Через вселенные,https://static.wikia.nocookie.net/intothespiderverse/images/2/22/Gwen-universe-with-talent_ver_1.png/revision/latest/scale-to-width-down/500?cb=20230527223604,Telecanary,https://static.wikia.nocookie.net/intothespiderverse/images/5/5e/Telecanary_%28E-8311%29_001.png/revision/latest/scale-to-width-down/350?cb=20210720032422,Мультфильмы
249,250,Человек-паук: Через вселенные,https://static.wikia.nocookie.net/intothespiderverse/images/2/22/Gwen-universe-with-talent_ver_1.png/revision/latest/scale-to-width-down/500?cb=20230527223604,Thomas Fireheart (Earth-138),https://static.wikia.nocookie.net/intothespiderverse/images/0/09/Puma_%28Earth-138%29.png/revision/latest/scale-to-width-down/350?cb=20230808163739,Мультфильмы
250,251,Человек-паук: Через вселенные,https://static.wikia.nocookie.net/intothespiderverse/images/2/22/Gwen-universe-with-talent_ver_1.png/revision/latest/scale-to-width-down/500?cb=20230527223604,Thumper,https://static.wikia.nocookie.net/intothespiderverse/images/7/7b/Thumper_ATSV.png/revision/latest?cb=20230808195618,Мультфильмы
251,252,Человек-паук: Через вселенные,https://static.wikia.nocookie.net/intothespiderverse/images/2/22/Gwen-universe-with-talent_ver_1.png/revision/latest/scale-to-width-down/500?cb=20230527223604,Todd Arliss,https://static.wikia.nocookie.net/intothespiderverse/images/1/19/Tiger_Shark_ATSV.png/revision/latest?cb=20230814071515,Мультфильмы
252,253,Человек-паук: Через вселенные,https://static.wikia.nocookie.net/intothespiderverse/images/2/22/Gwen-universe-with-talent_ver_1.png/revision/latest/scale-to-width-down/500?cb=20230527223604,Tony Stark,,Мультфильмы
253,254,Человек-паук: Через вселенные,https://static.wikia.nocookie.net/intothespiderverse/images/2/22/Gwen-universe-with-talent_ver_1.png/revision/latest/scale-to-width-down/500?cb=20230527223604,Tortoise Bombshell,https://static.wikia.nocookie.net/intothespiderverse/images/e/e7/Tortoise_Bombshell_%28E-8311%29_001.png/revision/latest/scale-to-width-down/350?cb=20210720044721,Мультфильмы
254,255,Человек-паук: Через вселенные,https://static.wikia.nocookie.net/intothespiderverse/images/2/22/Gwen-universe-with-talent_ver_1.png/revision/latest/scale-to-width-down/500?cb=20230527223604,Vanessa Fisk,https://static.wikia.nocookie.net/intothespiderverse/images/8/81/Vanessa_Fisk_%28E-1610%29_001.png/revision/latest/scale-to-width-down/350?cb=20210705155912,Мультфильмы
255,256,Человек-паук: Через вселенные,https://static.wikia.nocookie.net/intothespiderverse/images/2/22/Gwen-universe-with-talent_ver_1.png/revision/latest/scale-to-width-down/500?cb=20230527223604,Venom (Earth-1610),,Мультфильмы
256,257,Человек-паук: Через вселенные,https://static.wikia.nocookie.net/intothespiderverse/images/2/22/Gwen-universe-with-talent_ver_1.png/revision/latest/scale-to-width-down/500?cb=20230527223604,Venom (Earth-616),https://static.wikia.nocookie.net/intothespiderverse/images/4/4c/Earth-616B_Storyboard.png/revision/latest/scale-to-width-down/350?cb=20230918115742,Мультфильмы
257,258,Человек-паук: Через вселенные,https://static.wikia.nocookie.net/intothespiderverse/images/2/22/Gwen-universe-with-talent_ver_1.png/revision/latest/scale-to-width-down/500?cb=20230527223604,Vincent Stegron,https://static.wikia.nocookie.net/intothespiderverse/images/8/88/Stegron_the_Dinosaur_Man_ATSV.png/revision/latest/scale-to-width-down/350?cb=20230808173430,Мультфильмы
258,259,Человек-паук: Через вселенные,https://static.wikia.nocookie.net/intothespiderverse/images/2/22/Gwen-universe-with-talent_ver_1.png/revision/latest/scale-to-width-down/500?cb=20230527223604,Web-Man,https://static.wikia.nocookie.net/intothespiderverse/images/2/24/Web-Man.webp/revision/latest/scale-to-width-down/350?cb=20230808184301,Мультфильмы
259,260,Человек-паук: Через вселенные,https://static.wikia.nocookie.net/intothespiderverse/images/2/22/Gwen-universe-with-talent_ver_1.png/revision/latest/scale-to-width-down/500?cb=20230527223604,Weber,https://static.wikia.nocookie.net/intothespiderverse/images/a/a5/Weber_%28E-1610%29.png/revision/latest/scale-to-width-down/350?cb=20230710190502,Мультфильмы
260,261,Человек-паук: Через вселенные,https://static.wikia.nocookie.net/intothespiderverse/images/2/22/Gwen-universe-with-talent_ver_1.png/revision/latest/scale-to-width-down/500?cb=20230527223604,Wilson Fisk (Earth-138),https://static.wikia.nocookie.net/intothespiderverse/images/1/1d/WilsonFisk138.png/revision/latest/scale-to-width-down/349?cb=20230614094414,Мультфильмы
261,262,Человек-паук: Через вселенные,https://static.wikia.nocookie.net/intothespiderverse/images/2/22/Gwen-universe-with-talent_ver_1.png/revision/latest/scale-to-width-down/500?cb=20230527223604,Wilson Fisk (Earth-1610),https://static.wikia.nocookie.net/intothespiderverse/images/b/b0/Wilson_Fisk_%28E-1610%29_001.png/revision/latest/scale-to-width-down/350?cb=20210609163717,Мультфильмы
262,263,Человек-паук: Через вселенные,https://static.wikia.nocookie.net/intothespiderverse/images/2/22/Gwen-universe-with-talent_ver_1.png/revision/latest/scale-to-width-down/500?cb=20230527223604,WM-bees,https://static.wikia.nocookie.net/intothespiderverse/images/3/35/WM-bees_%28E-8311%29_001.png/revision/latest/scale-to-width-down/350?cb=20210720044712,Мультфильмы
263,264,Человек-паук: Через вселенные,https://static.wikia.nocookie.net/intothespiderverse/images/2/22/Gwen-universe-with-talent_ver_1.png/revision/latest/scale-to-width-down/500?cb=20230527223604,Yuri Watanabe (Earth-65),https://static.wikia.nocookie.net/intothespiderverse/images/f/f7/Yuri_Watanabe_%28Earth-65%29.png/revision/latest/scale-to-width-down/350?cb=20230807165440,Мультфильмы
